Interaction ID,Target_DNA_Sequence,DNA_Target_Name
G4DIP1,5'-[TTTTTGGGGACTTTCCAGGGAGGCGTGGCCTGGGCGGGTTTTT]-3',LTR_II
G4DIP10,5'-[TGGCGACGGCAGCGAGGCCGGGCGGGCGCGAGGGAGGGG/iCy3/TTTTTTTTTTTTTTTTTTTT]-3',G4_forming_human_telomere
G4DIP103,repetitiveTTAGGG,Telomeric_DNA_G_rich_duplex_sequences
G4DIP104,5'-[(GGTTAG)5]-3',G_quadruplex_human_telomeric_sequence
G4DIP105,5'-[(GGTTAG)5]-3',G_quadruplex_human_telomeric_sequence
G4DIP106,5'-[GGGTTAGGGTTAGGGTTAGGG]-3',G_quadruplex_human_telomeric_sequence_htelo
G4DIP108,5'-[GGTTGGTGTGGTTGG ]-3',K_TBA_quadruplex
G4DIP109,5'-[GGTTGGTGTGGTTGG ]-3',Sr_TBA_quadruplex
G4DIP11,5'-[TGGACCAGACCTAGCAGCTATGGGGGAGCTGGGGAAGGTGGGAATGTGA ]-3',G4_DNA
G4DIP110,5'-[[GGG(TTAGGG)3]-3',G_quadruplex_structures_in_telomeric_DNA
G4DIP112,5'-[(TTAGGG)]-3',qTBP42_tetraplex_DNA
G4DIP113,5'-[(TTAGGG)]-3',Telomeres
G4DIP118,5'-[TA GGG TTA GGG TTA GGG TTA GGG TT]-3',G_quadruplex_DNA
G4DIP119,5'-[TA GGG TTA GGG TTA GGG TTA GGG TT]-3',G_quadruplex_DNA
G4DIP120,5'-[TA GGG TTA GGG TTA GGG TTA GGG TT]-3',G_quadruplex_DNA
G4DIP121,5'-[(GGGT)4]-3',G4quadruplex
G4DIP122,5'-[(GGT)4]-3',G4quadruplex
G4DIP123,5'-[(CACTGGCC(GGGT)4TACCAGTG)]-3',G4quadruplex
G4DIP124,repetitive TTAGGG,TERRA_wt
G4DIP125,repetitive TTAGGG,TERRA_mut
G4DIP126,repetitive TTAGGG,TERRA_lin
G4DIP127,5'-[TTAGGG]n-3',guanine_rich_DNA_sequences_of_Neuroligin_4__Nlgn4_gene_and_Telomeric_tandem_repeat
G4DIP128,5'-[GGGCGGGCTAGGGGCGGGGCGCGGGTGGG]-3',MEST
G4DIP129,5'-[GGGCGGGCTAGGGGCGGGGCGCGGGTGGG]-3',MEST
G4DIP130,5'-[GGGCGGGCTAGGGGCGGGGCGCGGGTGGG]-3',MEST
G4DIP131,5'-[GGGGGCCGGGCCGCGGCGGGGCGGGGCAGCGGGG]-3',CDKN1C
G4DIP132,5'-[GGGGGCCGGGCCGCGGCGGGGCGGGGCAGCGGGG]-3',CDKN1C
G4DIP133,5'-[GGGGGCCGGGCCGCGGCGGGGCGGGGCAGCGGGG]-3',CDKN1C
G4DIP134,5'-[TGGGGAGGGTGGGGAGGGTGGGGAAGG]-3',C_MYC
G4DIP135,5'-[TGGGGAGGGTGGGGAGGGTGGGGAAGG]-3',C_MYC
G4DIP136,5'-[TGGGGAGGGTGGGGAGGGTGGGGAAGG]-3',C_MYC
G4DIP15,5'-[TAGGG(TTAGGG)3TT]-3',G_quadruplex__Hybrid_Fold_1___Buffer_condition__50_mM_KCl_950_mM_LiCl_25_mM_Tris_pH_7_9
G4DIP16,5'-[TAGGG(TTAGGG)3TT]-3',G_quadruplex__Basket_Fold__Buffer_condition__1_M_NaCl_25_mM_Tris_pH_7_9
G4DIP17,5'-[TAGGG(TTAGGG)3TT]-3',G_quadruplex__Hybrid_Fold_2___Buffer_condition__50_mM_KCl_950_mM_LiCl_25_mM_Tris_pH_7_9
G4DIP18,5'-[TAGGG(TTAGGG)3TT]-3',G_quadruplex__Propeller_Fold__Buffer_condition__20_mM_KCl_5_M_LiCl_25_mM_Tris_pH_7_9
G4DIP19,5'-[AGGG(TTAGGG)3]-3',Tel_22__Na_G_quadruplex_DNA
G4DIP2,5'-[TTTTTGGGAGGCGTGGCCTGGGCGGGACTGGGGTTTTT]-3',LTR_III
G4DIP20,5'-[AGGG(TTAGGG)3]-3',Tel_22__K_G_quadruplex_DNA
G4DIP21,5'-[TGG GGA GGG TGG GGA GGG TGG GGA AGG ]-3',G_quadruplex_Structure__present_in_nuclease_hypersensitive_element__NHE_III_region_of_human_c_myc_gene_promoter
G4DIP22,5'-[TGGGGAGGGTGGGGAGGGTGGGGAAGG]-3',c_MYC_Gene_promoter
G4DIP24,5'-[TGGGTGGGTAGGGTGGGTAGGGGAGGAT]-3',c_MYC_G4_DNA
G4DIP25,5'-[TGGGGAGGGTGGGGAGGGTGGGGAAGG]-3',c_MYC_G4_DNA
G4DIP26,5'-[CGGGGGTGTTGAAGGGAGGAGGAGGGAGGGG]-3',hex4_A5U_G_quadruplex_DNA_KCL
G4DIP27,5'-[CGGGGGTGTTGAAGGGAGGAGGAGGGAGGGG]-3',hex4_A5U_G_quadruplex_DNA_LICL
G4DIP28,5'-[(GGGTTA)3GGG]-3',G_quadruplex__GQ_ssDNA
G4DIP29,5'-[ TGGGGAGGGTGGGGAGGGTGGGGAAGG]-3',G_quadruplex_Pu27
G4DIP3,5'-[TTTTTGGGCGGGACTGGGGAGTGGTTTTT]-3',LTR_IV
G4DIP30,5'-[TCGGGTTGCGGGCGCAGGGCACGGGCG]-3',G_quadruplex_hras_1__Present_in_HRAS_promoter
G4DIP31,5'-[CGGGGCGGGGCGGGGGCGGGGGCG ]-3',G_quadruplex_hras_2__Present_in_HRAS_promoter
G4DIP32,5'-[CGGGGCGGGGCGGGGGCGGGGGCG ]-3',G_quadruplex_hras_2
G4DIP33,5'-[CCAGGGAGGTGTGGCCTGGGCGGGACTGGGGAGTGGCGAG ]-3',G_rich_proviral_DNA_sequence_of_the_HIV_1_U3_region
G4DIP34,5'-[GGGAAGGGAGCAAGGGCGGGAGGG]-3',G_quadruplex_DNA
G4DIP35,5'-[TGGACCAGACCTAGCAGCTATGGGGGAGCTGGGGAAGGTGGGAATGTGA]-3',G4_DNA
G4DIP36,5'-[TGGACCAGACCTAGCAGCTATGGGGGAGCTGGGGAAGGTGGGAATGTGA]-3',G4_DNA
G4DIP38,5'-[ TGGGGAGGGTGGGGAGGGTGGGGAAGG]-3',c_Myc_promoter_quadruplex_forming_sequence_Pu_27
G4DIP39,5'-[ TGGGGAGGGTGGGGAGGGTGGGGAAGG]-3',c_Myc_promoter_quadruplex_forming_sequence_Pu_27
G4DIP4,5'-[TTTTTGGGAGGCGTGGCCTGGGCGGGACTGGGGAGTGGTTTTT]-3',LTR_III_IV
G4DIP40,5'-[ TGGGGAGGGTGGGGAGGGTGGGGAAGG]-3',c_Myc_promoter_quadruplex_forming_sequence_Pu_27
G4DIP41,5'-[ TGGGGAGGGTGGGGAGGGTGGGGAAGG]-3',c_Myc_promoter_quadruplex_forming_sequence_Pu_27
G4DIP42,5'-[TGGCGACGGCAGCGAGGCTAGGGTTAGGGTTAGGGTTAGGGTTAG]-3',ssTEL_DNA
G4DIP43,5'-[TGGCGACGGCAGCGAGGCTAGGGTTAGGGTTAGGGTTAGGGTTAG]-3',ssTEL_DNA
G4DIP44,5'-[A(GGGTTA)3GGG]-3',22AG_G_quadruplex_forming_DNA
G4DIP45,5'-[(GGGTTT)3GGG]-3',21G_G_quadruplex_forming_DNA
G4DIP46,5'-[(GGGTTA)3GGGT]-3',22GT
G4DIP47,5'-[A(GGGTTA)7GGG]-3',46AG
G4DIP48,5'-[(GGGTTA)7GGG]-3',45G
G4DIP49,5'-[TAGGG(TTAGGG)3]-3',P4_quadruplex
G4DIP5,5'-[TTTTTGGGGACTTTCCAGGGAGGCGTGGCCTGTGCGGGACTGGGGAGTGGTTTTT]-3',LTR_II_III_IV
G4DIP50,5'-[TAGGG(TTAGGG)TT]-3',Gquadruplex_DNA
G4DIP52,repetitive TTAGGG,G_quadruplex__G4_telomeric_DNA
G4DIP53,repetitive TTAGGG,G_quadruplex__G4_telomeric_DNA
G4DIP54,repetitive TTAGGG,G_quadruplex__G4_telomeric_DNA
G4DIP55,repetitive TTAGGG,G_quadruplex__G4_telomeric_DNA
G4DIP56,repetitive TTAGGG,G_quadruplex__G4_telomeric_DNA
G4DIP57,repetitive TTAGGG,G_quadruplex__G4_telomeric_DNA
G4DIP58,5'-[AGGG(TTAGGG)3]-3',G_Quadruplex_Htelo_DNA
G4DIP59,5'-[GGGTCGGGGGGTGGGGCCCGGGCCGGGG]-3' (2957NT),G_quadruplex_DNA
G4DIP6,5'-[TTGGGTGGGTGGGTGGGT]-3',T95_2T_Parallel_G_quadruplex
G4DIP60,5'-[AGGGAGGGAGACGGGGGGG]-3'(5701NT),G_quadruplex_DNA
G4DIP61,5'-[GGGTGGCGGGGGGGAGAGGGGGG ]-3'(6960NT),G_quadruplex_DNA
G4DIP62,5'-[GGGGTGGGGGGGAGGG ]-3'(13079NT),G_quadruplex_DNA
G4DIP63,5'-[GGGGTGGGGGGGAGGG ]-3'(13079NT),G_quadruplex_DNA
G4DIP65,5'-[(TTAGGG)3]-3',G_quadruplex_DNA
G4DIP67,5'-[TAGGGGAAGGGTTGGAGTGGGTT]-3',Gq23
G4DIP68,5'-[TAGGGGAAGGGTTGGAGTGGGTT]-3',Gq23
G4DIP69,5?-[TGGGGAGGGTGGGGAGGGTGGGGAAGG]-3',c_MYC_G_Quadruplex
G4DIP7,5'-[TAGGGTTAGGGTTAGGGTTAGGG]-3',Htelo1_Parallel_G_quadruplex
G4DIP70,5'-[TTAGGG]-3',G_quadruplex_telomeric_DNA
G4DIP71,5'-[TTAGGG]-3',G_quadruplex_telomeric_DNA
G4DIP72,5'-[(ACAGGGGTGTGGGG)2]-3',ILPR_insulin_linked_polymorphic_region__ILPR_of_the_human_insulin_gene_promotera_G_quadruplex_DNA
G4DIP73,5'-[(ACAGGGGTGTGGGC)2]-3',ILPR_insulin_linked_polymorphic_region__ILPR_of_the_human_insulin_gene_promoterh_G_quadruplex_DNA
G4DIP74,5'-[ACAGGGTCCTGGGG)2]-3',ILPR_insulin_linked_polymorphic_region__ILPR_of_the_human_insulin_gene_promoteri_G_quadruplex_DNA
G4DIP75,5'-[GGGGCGCTTATGGGGAGGGTGGGGAGGGTGGGGAAGGTGGGGAGGAG]-3',c_myc_G_quadruplex_DNA
G4DIP76,5'-[AGGGCGGTGTGGGAAGAGGGAAGAGGGGGAGG]-3',parallel_G_quadruplex_structure__called_32R_present_in_KRAS_proto_oncogene
G4DIP77,5'-[AGGGCGGTGTGGGAAGAGGGAAGAGGGGGAGG]-3',parallel_G_quadruplex_structure__called_32R_present_in_KRAS_proto_oncogene
G4DIP78,5'-[AGGGCGGTGTGGGAAGAGGGAAGAGGGGGAGG]-3',parallel_G_quadruplex_structure__called_32R_present_in_KRAS_proto_oncogene
G4DIP8,5'-[TTTTTTTTTTTTTTTGAGGGTGGGTAGGGTGGGTAA]-3',c_MYC_intramolecular_quadruplex
G4DIP83,5'-[GGGGTCAGGCTGGGGTTGTGCAGGTC]-3',intramolecular_DNA_G_quadruplexes_I_3
G4DIP84,5'-[TAGGGCAGGGGTCGTCGGGTTAGGGC]-3',intramolecular_DNA_G_quadruplexes_G_8c26
G4DIP85,5'-[TGG GGAGGGTGGGGAGGGTGG GGAAGG]-3',G_quadruplex_NHE_in_c_MYC
G4DIP86,5'-[AAAAA AAAAA AAAAA GGGGG AAAAA AAAAA AAAAA]-3',tetramolecular_DNA_quadruplex
G4DIP87,5'-[(CATGGGGGCGGGAAGGGGCGGGGTCT)]-3',quadruplex_Integrin_DNA
G4DIP88,5'-[(CATGGGGGCGGGAAGGGGCGGGGTCT)]-3',quadruplex_Integrin_DNA
G4DIP89,5'-[(CATGGGGGCGGGAAGGGGCGGGGTCT)]-3',quadruplex_Integrin_DNA
G4DIP90,5'-[(CATGGGGGCGGGAAGGGGCGGGGTCT)]-3',quadruplex_Integrin_DNA
G4DIP91,5'-[C3G3CG3CGCGAG3AG4AG2]-3',c_kit_1_quadruplex
G4DIP92,5'-[G4CG3CCG5CG4TCCCGGCG4CGG]-3',intramolecular_G_quadruplex_VEGF
