,Interaction ID,Target_RNA_Sequence,Interacting_Protein_Name,UniProt-ID,UniProt-Entry name,Reference:PMID,ProtSeq_loc,RNA_Target_Name
0,G4RIP1,5'-[UUAGGGUUAGGGUUAGGGUUAGGGUUA]-3',BG4( antibody ),Q13158,FADD_HUMAN,25421962,MDPFLVLLHSVSSSLSSSELTELKFLCLGRVGKRKLERVQSGLDLFSMLLEQNDLEPGHTELLRELLASLRRHDLLRRVDDFEAGAAAGAAPGEEDLCAAFNVICDNVGKDWRRLARQLKVSDTKIDSIEDRYPRNLTERVRESLRIWKNTEKENATVAHLVGALRSCQMNLVADLVQEVQQARDLQNRSGAMSPMSWNSDASTSEAS,human_telomeric_RNA__TERRA_G_quadruplex__GQ
1,G4RIP10,5'-[UUAGGGUUAGGGUUAGGGUUAGGGUUA]-3',TRF2,Q15554,TERF2_HUMAN,22780456,MAAGAGTAGPASGPGVVRDPAASQPRKRPGREGGEGARRSDTMAGGGGSSDGSGRAAGRRASRSSGRARRGRHEPGLGGPAERGAGEARLEEAVNRWVLKFYFHEALRAFRGSRYGDFRQIRDIMQALLVRPLGKEHTVSRLLRVMQCLSRIEEGENLDCSFDMEAELTPLESAINVLEMIKTEFTLTEAVVESSRKLVKEAAVIICIKNKEFEKASKILKKHMSKDPTTQKLRNDLLNIIREKNLAHPVIQNFSYETFQQKMLRFLESHLDDAEPYLLTMAKKALKSESAASSTGKEDKQPAPGPVEKPPREPARQLRNPPTTIGMMTLKAAFKTLSGAQDSEAAFAKLDQKDLVLPTQALPASPALKNKRPRKDENESSAPADGEGGSELQPKNKRMTISRLVLEEDSQSTEPSAGLNSSQEAASAPPSKPTVLNQPLPGEKNPKVPKGKWNSSNGVEEKETWVEEDELFQVQAAPDEDSTTNITKKQKWTVEESEWVKAGVQKYGEGNWAAISKNYPFVNRTAVMIKDRWRTMKRLGMN,hTELO_hyb__hybrid_TERRA_hTELO_G_quadruplex
2,G4RIP11,5'-[GAUUGGAAGGGAGGGAGGUG]-3',FMRP ISO1,Q06787,FMR1_HUMAN,22134704,MEELVVEVRGSNGAFYKAFVKDVHEDSITVAFENNWQPDRQIPFHDVRFPPPVGYNKDINESDEVEVYSRANEKEPCCWWLAKVRMIKGEFYVIEYAACDATYNEIVTIERLRSVNPNKPATKDTFHKIKLDVPEDLRQMCAKEAAHKDFKKAVGAFSVTYDPENYQLVILSINEVTSKRAHMLIDMHFRSLRTKLSLIMRNEEASKQLESSRQLASRFHEQFIVREDLMGLAIGTHGANIQQARKVPGVTAIDLDEDTCTFHIYGEDQDAVKKARSFLEFAEDVIQVPRNLVGKVIGKNGKLIQEIVDKSGVVRVRIEAENEKNVPQEEEIMPPNSLPSNNSRVGPNAPEEKKHLDIKENSTHFSQPNSTKVQRVLVASSVVAGESQKPELKAWQGMVPFVFVGTKDSIANATVLLDYHLNYLKEVDQLRLERLQIDEQLRQIGASSRPPPNRTDKEKSYVTDDGQGMGRGSRPYRNRGHGRRGPGYTSGTNSEASNASETESDHRDELSDWSLAPTEEERESFLRRGDGRRRGGGGRGQGGRGRGGGFKGNDDHSRTDNRPRNPREAKGRTTDGSLQIRVDCNNERSVHTKTLQNTSSEGSRLRTGKDRNQKKEKPDSVDGQQPLVNGVP,G_quadruplex_RNA_forming_S3F_Sh_8AP_mRNA
3,G4RIP12,5'-[GAUUGGAAGGGAGGGAGGUG]-3',FMRP ISO2,Q06787,FMR1_HUMAN,22134704,MEELVVEVRGSNGAFYKAFVKDVHEDSITVAFENNWQPDRQIPFHDVRFPPPVGYNKDINESDEVEVYSRANEKEPCCWWLAKVRMIKGEFYVIEYAACDATYNEIVTIERLRSVNPNKPATKDTFHKIKLDVPEDLRQMCAKEAAHKDFKKAVGAFSVTYDPENYQLVILSINEVTSKRAHMLIDMHFRSLRTKLSLIMRNEEASKQLESSRQLASRFHEQFIVREDLMGLAIGTHGANIQQARKVPGVTAIDLDEDTCTFHIYGEDQDAVKKARSFLEFAEDVIQVPRNLVGKVIGKNGKLIQEIVDKSGVVRVRIEAENEKNVPQEEEIMPPNSLPSNNSRVGPNAPEEKKHLDIKENSTHFSQPNSTKVQRVLVASSVVAGESQKPELKAWQGMVPFVFVGTKDSIANATVLLDYHLNYLKEVDQLRLERLQIDEQLRQIGASSRPPPNRTDKEKSYVTDDGQGMGRGSRPYRNRGHGRRGPGYTSGTNSEASNASETESDHRDELSDWSLAPTEEERESFLRRGDGRRRGGGGRGQGGRGRGGGFKGNDDHSRTDNRPRNPREAKGRTTDGSLQIRVDCNNERSVHTKTLQNTSSEGSRLRTGKDRNQKKEKPDSVDGQQPLVNGVP,G_quadruplex_RNA_forming_S3F_Sh_8AP_mRNA
4,G4RIP13,5'-[GAUUGGAAGGGAGGGAGGUG]-3',FMRP ISO3,Q06787,FMR1_HUMAN,22134704,MEELVVEVRGSNGAFYKAFVKDVHEDSITVAFENNWQPDRQIPFHDVRFPPPVGYNKDINESDEVEVYSRANEKEPCCWWLAKVRMIKGEFYVIEYAACDATYNEIVTIERLRSVNPNKPATKDTFHKIKLDVPEDLRQMCAKEAAHKDFKKAVGAFSVTYDPENYQLVILSINEVTSKRAHMLIDMHFRSLRTKLSLIMRNEEASKQLESSRQLASRFHEQFIVREDLMGLAIGTHGANIQQARKVPGVTAIDLDEDTCTFHIYGEDQDAVKKARSFLEFAEDVIQVPRNLVGKVIGKNGKLIQEIVDKSGVVRVRIEAENEKNVPQEEEIMPPNSLPSNNSRVGPNAPEEKKHLDIKENSTHFSQPNSTKVQRVLVASSVVAGESQKPELKAWQGMVPFVFVGTKDSIANATVLLDYHLNYLKEVDQLRLERLQIDEQLRQIGASSRPPPNRTDKEKSYVTDDGQGMGRGSRPYRNRGHGRRGPGYTSGTNSEASNASETESDHRDELSDWSLAPTEEERESFLRRGDGRRRGGGGRGQGGRGRGGGFKGNDDHSRTDNRPRNPREAKGRTTDGSLQIRVDCNNERSVHTKTLQNTSSEGSRLRTGKDRNQKKEKPDSVDGQQPLVNGVP,G_quadruplex_RNA_forming_S3F_Sh_8AP_mRNA
5,G4RIP14,"5'-[ GGGUACGGGAGGGUAAGGC UGUGGGUCGCGUG]-3', (G7AC30U,K + )",FMRP Isoform 1,Q06787,FMR1_HUMAN,26412477,MEELVVEVRGSNGAFYKAFVKDVHEDSITVAFENNWQPDRQIPFHDVRFPPPVGYNKDINESDEVEVYSRANEKEPCCWWLAKVRMIKGEFYVIEYAACDATYNEIVTIERLRSVNPNKPATKDTFHKIKLDVPEDLRQMCAKEAAHKDFKKAVGAFSVTYDPENYQLVILSINEVTSKRAHMLIDMHFRSLRTKLSLIMRNEEASKQLESSRQLASRFHEQFIVREDLMGLAIGTHGANIQQARKVPGVTAIDLDEDTCTFHIYGEDQDAVKKARSFLEFAEDVIQVPRNLVGKVIGKNGKLIQEIVDKSGVVRVRIEAENEKNVPQEEEIMPPNSLPSNNSRVGPNAPEEKKHLDIKENSTHFSQPNSTKVQRVLVASSVVAGESQKPELKAWQGMVPFVFVGTKDSIANATVLLDYHLNYLKEVDQLRLERLQIDEQLRQIGASSRPPPNRTDKEKSYVTDDGQGMGRGSRPYRNRGHGRRGPGYTSGTNSEASNASETESDHRDELSDWSLAPTEEERESFLRRGDGRRRGGGGRGQGGRGRGGGFKGNDDHSRTDNRPRNPREAKGRTTDGSLQIRVDCNNERSVHTKTLQNTSSEGSRLRTGKDRNQKKEKPDSVDGQQPLVNGVP,G_quadruplexe_NR2B_mRNA
6,G4RIP15,"5'-[GGGUACGGGAGGGUAAGGC UGUGGGUCGCGUG ]-3',(G7AC30U,K + )",FMRP S500D,Q06787,FMR1_HUMAN,26412477,MEELVVEVRGSNGAFYKAFVKDVHEDSITVAFENNWQPDRQIPFHDVRFPPPVGYNKDINESDEVEVYSRANEKEPCCWWLAKVRMIKGEFYVIEYAACDATYNEIVTIERLRSVNPNKPATKDTFHKIKLDVPEDLRQMCAKEAAHKDFKKAVGAFSVTYDPENYQLVILSINEVTSKRAHMLIDMHFRSLRTKLSLIMRNEEASKQLESSRQLASRFHEQFIVREDLMGLAIGTHGANIQQARKVPGVTAIDLDEDTCTFHIYGEDQDAVKKARSFLEFAEDVIQVPRNLVGKVIGKNGKLIQEIVDKSGVVRVRIEAENEKNVPQEEEIMPPNSLPSNNSRVGPNAPEEKKHLDIKENSTHFSQPNSTKVQRVLVASSVVAGESQKPELKAWQGMVPFVFVGTKDSIANATVLLDYHLNYLKEVDQLRLERLQIDEQLRQIGASSRPPPNRTDKEKSYVTDDGQGMGRGSRPYRNRGHGRRGPGYTSGTNSEASNASETESDHRDELSDWSLAPTEEERESFLRRGDGRRRGGGGRGQGGRGRGGGFKGNDDHSRTDNRPRNPREAKGRTTDGSLQIRVDCNNERSVHTKTLQNTSSEGSRLRTGKDRNQKKEKPDSVDGQQPLVNGVP,G_quadruplexe_NR2B_mRNA
7,G4RIP16,"5'-[CUGCGAUGUGGAAGGAGUGGCUGGGUUGUGCAGC]-3',(G7AC30U,K + )",RGG motif of FMRP(HUMAN),Q06787,FMR1_HUMAN,26374839,MEELVVEVRGSNGAFYKAFVKDVHEDSITVAFENNWQPDRQIPFHDVRFPPPVGYNKDINESDEVEVYSRANEKEPCCWWLAKVRMIKGEFYVIEYAACDATYNEIVTIERLRSVNPNKPATKDTFHKIKLDVPEDLRQMCAKEAAHKDFKKAVGAFSVTYDPENYQLVILSINEVTSKRAHMLIDMHFRSLRTKLSLIMRNEEASKQLESSRQLASRFHEQFIVREDLMGLAIGTHGANIQQARKVPGVTAIDLDEDTCTFHIYGEDQDAVKKARSFLEFAEDVIQVPRNLVGKVIGKNGKLIQEIVDKSGVVRVRIEAENEKNVPQEEEIMPPNSLPSNNSRVGPNAPEEKKHLDIKENSTHFSQPNSTKVQRVLVASSVVAGESQKPELKAWQGMVPFVFVGTKDSIANATVLLDYHLNYLKEVDQLRLERLQIDEQLRQIGASSRPPPNRTDKEKSYVTDDGQGMGRGSRPYRNRGHGRRGPGYTSGTNSEASNASETESDHRDELSDWSLAPTEEERESFLRRGDGRRRGGGGRGQGGRGRGGGFKGNDDHSRTDNRPRNPREAKGRTTDGSLQIRVDCNNERSVHTKTLQNTSSEGSRLRTGKDRNQKKEKPDSVDGQQPLVNGVP,G_quadruplexes_mRNA
11,G4RIP2,5'-[UUAGGGUUAGGGUUAGGGUUAGGGUUA]-3',Cpds(carboxypyridostatin),P52719,PEPS_ASPPH,25421962,MRITSAIASLLLVGTATSLQNPHRRAVPPPLTHRSVASRAVPVERRSNDFEYLTNKTARFLVNGTSIPEVDFDVGESYAGLLPNTPTGNSSLFFWFFPSQNPDASDEITIWLNGGPGCSSLDGLLQENGPFLWQPGTYKPVPNPYSWTNLTNVVYIDQPAGTGFSPGPSTVNDEEDVAAQFNSWFKHFVDTFDLHGRKVYITGESYAGMYVPYIADAMLNEEDTTYFNLKGIQINDPSINSDSVMMYSPAVRHLNHYNNIFRLNSTFLSYINGKADKCGYNAFLDKAITYPPPTPFPTAPEITEDCQVWDEVVMAAYDINPCFNYYHLIDFCPYLWDVLGFPSLGFGPDNYFNRSDVQKILHVPPTDYSVCSETVIFANGDGSDPSSWGPLPSVIERTNNTIIGHGWLDYLLFLNGSLATIQNMTWNGKQGFQSPPVEPLFVPYHYGLAELYWGDEPDPYNLDAGAGYLGTAHTERGLTFSSVYLSGHEIPQYVPGALTASWSSCLVELIVFPRRGTTPLNFS,human_telomeric_RNA__TERRA_G_quadruplex__GQ
18,G4RIP26,"5'-[CUGCGAUGUGGAAGGAGUGGCUGGGUUGUGCAGC]-3',(G7AC30U,K + )",RGG motif of FMRP(MOUSE),P35922,FMR1_MOUSE,26374839,MEELVVEVRGSNGAFYKAFVKDVHEDSITVAFENNWQPERQIPFHDVRFPPPVGYNKDINESDEVEVYSRANEKEPCCWWLAKVRMIKGEFYVIEYAACDATYNEIVTIERLRSVNPNKPATKDTFHKIKLEVPEDLRQMCAKESAHKDFKKAVGAFSVTYDPENYQLVILSINEVTSKRAHMLIDMHFRSLRTKLSLILRNEEASKQLESSRQLASRFHEQFIVREDLMGLAIGTHGANIQQARKVPGVTAIDLDEDTCTFHIYGEDQDAVKKARSFLEFAEDVIQVPRNLVGKVIGKNGKLIQEIVDKSGVVRVRIEAENEKSVPQEEEIMPPSSLPSNNSRVGPNSSEEKKHLDTKENTHFSQPNSTKVQRVLVVSSIVAGGPQKPEPKAWQGMVPFVFVGTKDSIANATVLLDYHLNYLKEVDQLRLERLQIDEQLRQIGASSRPPPNRTDKEKGYVTDDGQGMGRGSRPYRNRGHGRRGPGYTSGTNSEASNASETESDHRDELSDWSLAPTEEERESFLRRGDGRRRRGGGRGQGGRGRGGGFKGNDDHSRTDNRPRNPREAKGRTADGSLQSASSEGSRLRTGKDRNQKKEKPDSVDGLQPLVNGVP,G_quadruplexes_mRNA
19,G4RIP27,"5'-[CUGCGAUGUGGAAGGAGUGGCUGGGUUGUGCAGC]-3',(G7AC30U,K + )",RGG motif of FMRP(BAT),Q80WE1,FMR1_RAT,26374839,MEELVVEVRGSNGAFYKAFVKDVHEDSITVAFENNWQPERQIPFHDVRFPPPVGYNKDINESDEVEVYSRANEKEPCCWWLAKVRMIKGEFYVIEYAACDATYNEIVTIERLRSVNPNKPATKDTFHKIKLEVPEDLRQMCAKESAHKDFKKAVGAFSVTYDPENYQLVILSINEVTSKRAHMLIDMHFRSLRTKLSLILRNEEASKQLESSRQLASRFHEQFIVREDLMGLAIGTHGANIQQARKVPGVTAIDLDEDTCTFHIYGEDQDAVKKARSFLEFAEDVIQVPRNLVGKVIGKNGKLIQEIVDKSGVVRVRIEAENEKSVPQEEENLPPSSLPSNNSRVGSNSSEEKKHLDTKENTHFSQPNSTKVQRGMVPFVFVGTKDSIANATVLLDYHLNYLKEVDQLRLERLQIDEQLRQIGASSRPPPNRTDKEKGYVTDDGQGMGRGSRPYRNRGHGRRGPGYTSGTNSEASNASETESDHRDELSDWSLAPTEEERESFLRRGDGRRRGGGGRGQGGRGRGGGFKGNDDHSRTDNRPRNPRETKGRTTDGSLQSTSSEGSRLRTGKDRNQKKEKPDSVDGLQPLVNGVP,G_quadruplexes_mRNA
22,G4RIP3,5'-[UAGGGUUAGGGUUAGGGUUAGGGUU]-3',hTERC or Htr(TER18 ),O14746,TERT_HUMAN,25421962,MPRAPRCRAVRSLLRSHYREVLPLATFVRRLGPQGWRLVQRGDPAAFRALVAQCLVCVPWDARPPPAAPSFRQVSCLKELVARVLQRLCERGAKNVLAFGFALLDGARGGPPEAFTTSVRSYLPNTVTDALRGSGAWGLLLRRVGDDVLVHLLARCALFVLVAPSCAYQVCGPPLYQLGAATQARPPPHASGPRRRLGCERAWNHSVREAGVPLGLPAPGARRRGGSASRSLPLPKRPRRGAAPEPERTPVGQGSWAHPGRTRGPSDRGFCVVSPARPAEEATSLEGALSGTRHSHPSVGRQHHAGPPSTSRPPRPWDTPCPPVYAETKHFLYSSGDKEQLRPSFLLSSLRPSLTGARRLVETIFLGSRPWMPGTPRRLPRLPQRYWQMRPLFLELLGNHAQCPYGVLLKTHCPLRAAVTPAAGVCAREKPQGSVAAPEEEDTDPRRLVQLLRQHSSPWQVYGFVRACLRRLVPPGLWGSRHNERRFLRNTKKFISLGKHAKLSLQELTWKMSVRDCAWLRRSPGVGCVPAAEHRLREEILAKFLHWLMSVYVVELLRSFFYVTETTFQKNRLFFYRKSVWSKLQSIGIRQHLKRVQLRELSEAEVRQHREARPALLTSRLRFIPKPDGLRPIVNMDYVVGARTFRREKRAERLTSRVKALFSVLNYERARRPGLLGASVLGLDDIHRAWRTFVLRVRAQDPPPELYFVKVDVTGAYDTIPQDRLTEVIASIIKPQNTYCVRRYAVVQKAAHGHVRKAFKSHVSTLTDLQPYMRQFVAHLQETSPLRDAVVIEQSSSLNEASSGLFDVFLRFMCHHAVRIRGKSYVQCQGIPQGSILSTLLCSLCYGDMENKLFAGIRRDGLLLRLVDDFLLVTPHLTHAKTFLRTLVRGVPEYGCVVNLRKTVVNFPVEDEALGGTAFVQMPAHGLFPWCGLLLDTRTLEVQSDYSSYARTSIRASLTFNRGFKAGRNMRRKLFGVLRLKCHSLFLDLQVNSLQTVCTNIYKILLLQAYRFHACVLQLPFHQQVWKNPTFFLRVISDTASLCYSILKAKNAGMSLGAKGAAGPLPSEAVQWLCHQAFLLKLTRHRVTYVPLLGSLRTAQTQLSRKLPGTTLTALEAAANPALPSDFKTILD,G_quadruplexes__TERRA
25,G4RIP32,5'-[UGGGGGACGGGUAGGGGCGGGAGGUAGGGG]-3',ADAM10,O14672,ADA10_HUMAN,25822852,MVLLRVLILLLSWAAGMGGQYGNPLNKYIRHYEGLSYNVDSLHQKHQRAKRAVSHEDQFLRLDFHAHGRHFNLRMKRDTSLFSDEFKVETSNKVLDYDTSHIYTGHIYGEEGSFSHGSVIDGRFEGFIQTRGGTFYVEPAERYIKDRTLPFHSVIYHEDDINYPHKYGPQGGCADHSVFERMRKYQMTGVEEVTQIPQEEHAANGPELLRKKRTTSAEKNTCQLYIQTDHLFFKYYGTREAVIAQISSHVKAIDTIYQTTDFSGIRNISFMVKRIRINTTADEKDPTNPFRFPNIGVEKFLELNSEQNHDDYCLAYVFTDRDFDDGVLGLAWVGAPSGSSGGICEKSKLYSDGKKKSLNTGIITVQNYGSHVPPKVSHITFAHEVGHNFGSPHDSGTECTPGESKNLGQKENGNYIMYARATSGDKLNNNKFSLCSIRNISQVLEKKRNNCFVESGQPICGNGMVEQGEECDCGYSDQCKDECCFDANQPEGRKCKLKPGKQCSPSQGPCCTAQCAFKSKSEKCRDDSDCAREGICNGFTALCPASDPKPNFTDCNRHTQVCINGQCAGSICEKYGLEECTCASSDGKDDKELCHVCCMKKMDPSTCASTGSVQWSRHFSGRTITLQPGSPCNDFRGYCDVFMRCRLVDADGPLARLKKAIFSPELYENIAEWIVAHWWAVLLMGIALIMLMAGFIKICSVHTPSSNPKLPPPKPLPGTLKRRRPPQPIQQPQRQRPRESYQMGHMRR,QGRS
26,G4RIP33,5'-[GGGAAAAGGGAGGGAGGGAUGGGUCUAGGGAGUGGGAAAUGCGGGAGGGAGGGUGGG]-3',FMRP,Q06787,FMR1_HUMAN,25406362,MEELVVEVRGSNGAFYKAFVKDVHEDSITVAFENNWQPDRQIPFHDVRFPPPVGYNKDINESDEVEVYSRANEKEPCCWWLAKVRMIKGEFYVIEYAACDATYNEIVTIERLRSVNPNKPATKDTFHKIKLDVPEDLRQMCAKEAAHKDFKKAVGAFSVTYDPENYQLVILSINEVTSKRAHMLIDMHFRSLRTKLSLIMRNEEASKQLESSRQLASRFHEQFIVREDLMGLAIGTHGANIQQARKVPGVTAIDLDEDTCTFHIYGEDQDAVKKARSFLEFAEDVIQVPRNLVGKVIGKNGKLIQEIVDKSGVVRVRIEAENEKNVPQEEEIMPPNSLPSNNSRVGPNAPEEKKHLDIKENSTHFSQPNSTKVQRVLVASSVVAGESQKPELKAWQGMVPFVFVGTKDSIANATVLLDYHLNYLKEVDQLRLERLQIDEQLRQIGASSRPPPNRTDKEKSYVTDDGQGMGRGSRPYRNRGHGRRGPGYTSGTNSEASNASETESDHRDELSDWSLAPTEEERESFLRRGDGRRRGGGGRGQGGRGRGGGFKGNDDHSRTDNRPRNPREAKGRTTDGSLQIRVDCNNERSVHTKTLQNTSSEGSRLRTGKDRNQKKEKPDSVDGQQPLVNGVP,G_rich_region_within_the_PSD_95Q1_Q2_mRNA
27,G4RIP34,5'-[GGGAAAAGGGAGGGAUGGGUCUAGGG]-3',FMRP,Q06787,FMR1_HUMAN,25406362,MEELVVEVRGSNGAFYKAFVKDVHEDSITVAFENNWQPDRQIPFHDVRFPPPVGYNKDINESDEVEVYSRANEKEPCCWWLAKVRMIKGEFYVIEYAACDATYNEIVTIERLRSVNPNKPATKDTFHKIKLDVPEDLRQMCAKEAAHKDFKKAVGAFSVTYDPENYQLVILSINEVTSKRAHMLIDMHFRSLRTKLSLIMRNEEASKQLESSRQLASRFHEQFIVREDLMGLAIGTHGANIQQARKVPGVTAIDLDEDTCTFHIYGEDQDAVKKARSFLEFAEDVIQVPRNLVGKVIGKNGKLIQEIVDKSGVVRVRIEAENEKNVPQEEEIMPPNSLPSNNSRVGPNAPEEKKHLDIKENSTHFSQPNSTKVQRVLVASSVVAGESQKPELKAWQGMVPFVFVGTKDSIANATVLLDYHLNYLKEVDQLRLERLQIDEQLRQIGASSRPPPNRTDKEKSYVTDDGQGMGRGSRPYRNRGHGRRGPGYTSGTNSEASNASETESDHRDELSDWSLAPTEEERESFLRRGDGRRRGGGGRGQGGRGRGGGFKGNDDHSRTDNRPRNPREAKGRTTDGSLQIRVDCNNERSVHTKTLQNTSSEGSRLRTGKDRNQKKEKPDSVDGQQPLVNGVP,G_rich_region_within_the_PSD_95Q1_mRNA
28,G4RIP35,5'-[AACGAGGGAGGGAGGGAGAGGGAGAGA]-3',NCL,P19338,NUCL_HUMAN,24771345,MVKLAKAGKNQGDPKKMAPPPKEVEEDSEDEEMSEDEEDDSSGEEVVIPQKKGKKAAATSAKKVVVSPTKKVAVATPAKKAAVTPGKKAAATPAKKTVTPAKAVTTPGKKGATPGKALVATPGKKGAAIPAKGAKNGKNAKKEDSDEEEDDDSEEDEEDDEDEDEDEDEIEPAAMKAAAAAPASEDEDDEDDEDDEDDDDDEEDDSEEEAMETTPAKGKKAAKVVPVKAKNVAEDEDEEEDDEDEDDDDDEDDEDDDDEDDEEEEEEEEEEPVKEAPGKRKKEMAKQKAAPEAKKQKVEGTEPTTAFNLFVGNLNFNKSAPELKTGISDVFAKNDLAVVDVRIGMTRKFGYVDFESAEDLEKALELTGLKVFGNEIKLEKPKGKDSKKERDARTLLAKNLPYKVTQDELKEVFEDAAEIRLVSKDGKSKGIAYIEFKTEADAEKTFEEKQGTEIDGRSISLYYTGEKGQNQDYRGGKNSTWSGESKTLVLSNLSYSATEETLQEVFEKATFIKVPQNQNGKSKGYAFIEFASFEDAKEALNSCNKREIEGRAIRLELQGPRGSPNARSQPSKTLFVKGLSEDTTEETLKESFDGSVRARIVTDRETGSSKGFGFVDFNSEEDAKAAKEAMEDGEIDGNKVTLDWAKPKGEGGFGGRGGGRGGFGGRGGGRGGRGGFGGRGRGGFGGRGGFRGGRGGGGDHKPQGKKTKFE,MMP16_GQ
29,G4RIP36,5'-[AACGAGGGAGGGAGGGAGAGGGAGAGA]-3',EFHD2,A0A024QZ77,A0A024QZ77_HUMAN,24771345,MATDELATKLSRRLQMEGEGGGETPEQPGLNGAAAAAAGAPDEAAEALGSADCELSAKLLRRADLNQGIGEPQSPSRRVFNPYTEFKEFSRKQIKDMEKMFKQYDAGRDGFIDLMELKLMMEKLGAPQTHLGLKNMIKEVDEDFDSKLSFREFLLIFRKAAAGELQEDSGLCVLARLSEIDVSSEGVKGAKSFFEAKVQAINVSSRFEEEIKAEQEERKKQAEEMKQRKAAFKELQSTFK,MMP16_GQ
30,G4RIP37,5'-[AACGAGGGAGGGAGGGAGAGGGAGAGA]-3',SRSF1,Q07955,SRSF1_HUMAN,24771345,MSGGGVIRGPAGNNDCRIYVGNLPPDIRTKDIEDVFYKYGAIRDIDLKNRRGGPPFAFVEFEDPRDAEDAVYGRDGYDYDGYRLRVEFPRSGRGTGRGGGGGGGGGAPRGRYGPPSRRSENRVVVSGLPPSGSWQDLKDHMREAGDVCYADVYRDGTGVVEFVRKEDMTYAVRKLDNTKFRSHEGETAYIRVKVDGPRSPSYGRSRSRSRSRSRSRSRSNSRSRSYSPRRSRGSPRYSPRHSRSRSRT,MMP16_GQ
31,G4RIP38,5'-[AACGAGGGAGGGAGGGAGAGGGAGAGA]-3',U2AF65,P26368,U2AF2_HUMAN,24771345,MSDFDEFERQLNENKQERDKENRHRKRSHSRSRSRDRKRRSRSRDRRNRDQRSASRDRRRRSKPLTRGAKEEHGGLIRSPRHEKKKKVRKYWDVPPPGFEHITPMQYKAMQAAGQIPATALLPTMTPDGLAVTPTPVPVVGSQMTRQARRLYVGNIPFGITEEAMMDFFNAQMRLGGLTQAPGNPVLAVQINQDKNFAFLEFRSVDETTQAMAFDGIIFQGQSLKIRRPHDYQPLPGMSENPSVYVPGVVSTVVPDSAHKLFIGGLPNYLNDDQVKELLTSFGPLKAFNLVKDSATGLSKGYAFCEYVDINVTDQAIAGLNGMQLGDKKLLVQRASVGAKNATLVSPPSTINQTPVTLQVPGLMSSQVQMGGHPTEVLCLMNMVLPEELLDDEEYEEIVEDVRDECSKYGLVKSIEIPRPVDGVEVPGCGKIFVEFTSVFDCQKAMQGLTGRKFANRVVVTKYCDPDSYHRRDFW,MMP16_GQ
32,G4RIP39,5'-[AGCCGGGGGCUGGGCGGGGACCG GGCUUGU]-3',NCL,P19338,NUCL_HUMAN,24771345,MVKLAKAGKNQGDPKKMAPPPKEVEEDSEDEEMSEDEEDDSSGEEVVIPQKKGKKAAATSAKKVVVSPTKKVAVATPAKKAAVTPGKKAAATPAKKTVTPAKAVTTPGKKGATPGKALVATPGKKGAAIPAKGAKNGKNAKKEDSDEEEDDDSEEDEEDDEDEDEDEDEIEPAAMKAAAAAPASEDEDDEDDEDDEDDDDDEEDDSEEEAMETTPAKGKKAAKVVPVKAKNVAEDEDEEEDDEDEDDDDDEDDEDDDDEDDEEEEEEEEEEPVKEAPGKRKKEMAKQKAAPEAKKQKVEGTEPTTAFNLFVGNLNFNKSAPELKTGISDVFAKNDLAVVDVRIGMTRKFGYVDFESAEDLEKALELTGLKVFGNEIKLEKPKGKDSKKERDARTLLAKNLPYKVTQDELKEVFEDAAEIRLVSKDGKSKGIAYIEFKTEADAEKTFEEKQGTEIDGRSISLYYTGEKGQNQDYRGGKNSTWSGESKTLVLSNLSYSATEETLQEVFEKATFIKVPQNQNGKSKGYAFIEFASFEDAKEALNSCNKREIEGRAIRLELQGPRGSPNARSQPSKTLFVKGLSEDTTEETLKESFDGSVRARIVTDRETGSSKGFGFVDFNSEEDAKAAKEAMEDGEIDGNKVTLDWAKPKGEGGFGGRGGGRGGFGGRGGGRGGRGGFGGRGRGGFGGRGGFRGGRGGGGDHKPQGKKTKFE,ARPC2_GQ
33,G4RIP4,5'-[ GGGGUUGGGGAGGGUGUAGGGGGUGGGG]-3',FMRP,Q06787,FMR1_HUMAN,25692235,MEELVVEVRGSNGAFYKAFVKDVHEDSITVAFENNWQPDRQIPFHDVRFPPPVGYNKDINESDEVEVYSRANEKEPCCWWLAKVRMIKGEFYVIEYAACDATYNEIVTIERLRSVNPNKPATKDTFHKIKLDVPEDLRQMCAKEAAHKDFKKAVGAFSVTYDPENYQLVILSINEVTSKRAHMLIDMHFRSLRTKLSLIMRNEEASKQLESSRQLASRFHEQFIVREDLMGLAIGTHGANIQQARKVPGVTAIDLDEDTCTFHIYGEDQDAVKKARSFLEFAEDVIQVPRNLVGKVIGKNGKLIQEIVDKSGVVRVRIEAENEKNVPQEEEIMPPNSLPSNNSRVGPNAPEEKKHLDIKENSTHFSQPNSTKVQRVLVASSVVAGESQKPELKAWQGMVPFVFVGTKDSIANATVLLDYHLNYLKEVDQLRLERLQIDEQLRQIGASSRPPPNRTDKEKSYVTDDGQGMGRGSRPYRNRGHGRRGPGYTSGTNSEASNASETESDHRDELSDWSLAPTEEERESFLRRGDGRRRGGGGRGQGGRGRGGGFKGNDDHSRTDNRPRNPREAKGRTTDGSLQIRVDCNNERSVHTKTLQNTSSEGSRLRTGKDRNQKKEKPDSVDGQQPLVNGVP,G_quadruplex_Shank1a
34,G4RIP40,5'-[AGCCGGGGGCUGGGCGGGGACCG GGCUUGU]-3',EFHD2,Q96C19,EFHD2_HUMAN,24771345,MATDELATKLSRRLQMEGEGGGETPEQPGLNGAAAAAAGAPDEAAEALGSADCELSAKLLRRADLNQGIGEPQSPSRRVFNPYTEFKEFSRKQIKDMEKMFKQYDAGRDGFIDLMELKLMMEKLGAPQTHLGLKNMIKEVDEDFDSKLSFREFLLIFRKAAAGELQEDSGLCVLARLSEIDVSSEGVKGAKSFFEAKVQAINVSSRFEEEIKAEQEERKKQAEEMKQRKAAFKELQSTFK,ARPC2_GQ
35,G4RIP41,5'-[AGCCGGGGGCUGGGCGGGGACCG GGCUUGU]-3',SRSF1,Q07955,SRSF1_HUMAN,24771345,MSGGGVIRGPAGNNDCRIYVGNLPPDIRTKDIEDVFYKYGAIRDIDLKNRRGGPPFAFVEFEDPRDAEDAVYGRDGYDYDGYRLRVEFPRSGRGTGRGGGGGGGGGAPRGRYGPPSRRSENRVVVSGLPPSGSWQDLKDHMREAGDVCYADVYRDGTGVVEFVRKEDMTYAVRKLDNTKFRSHEGETAYIRVKVDGPRSPSYGRSRSRSRSRSRSRSRSNSRSRSYSPRRSRGSPRYSPRHSRSRSRT,ARPC2_GQ
36,G4RIP42,5'-[AGCCGGGGGCUGGGCGGGGACCG GGCUUGU]-3',U2AF65,P26368,U2AF2_HUMAN,24771345,MSDFDEFERQLNENKQERDKENRHRKRSHSRSRSRDRKRRSRSRDRRNRDQRSASRDRRRRSKPLTRGAKEEHGGLIRSPRHEKKKKVRKYWDVPPPGFEHITPMQYKAMQAAGQIPATALLPTMTPDGLAVTPTPVPVVGSQMTRQARRLYVGNIPFGITEEAMMDFFNAQMRLGGLTQAPGNPVLAVQINQDKNFAFLEFRSVDETTQAMAFDGIIFQGQSLKIRRPHDYQPLPGMSENPSVYVPGVVSTVVPDSAHKLFIGGLPNYLNDDQVKELLTSFGPLKAFNLVKDSATGLSKGYAFCEYVDINVTDQAIAGLNGMQLGDKKLLVQRASVGAKNATLVSPPSTINQTPVTLQVPGLMSSQVQMGGHPTEVLCLMNMVLPEELLDDEEYEEIVEDVRDECSKYGLVKSIEIPRPVDGVEVPGCGKIFVEFTSVFDCQKAMQGLTGRKFANRVVVTKYCDPDSYHRRDFW,ARPC2_GQ
37,G4RIP43,5'-[GGGUUGCGGAGGGUGGGCCUGGGAGGGGUGGUGGCCAUUUUUU]-3',DHX36 or RHAU or G4R1,Q9H2U1,DHX36_HUMAN,24151078,MSYDYHQNWGRDGGPRSSGGGYGGGPAGGHGGNRGSGGGGGGGGGGRGGRGRHPGHLKGREIGMWYAKKQGQKNKEAERQERAVVHMDERREEQIVQLLNSVQAKNDKESEAQISWFAPEDHGYGTEVSTKNTPCSENKLDIQEKKLINQEKKMFRIRNRSYIDRDSEYLLQENEPDGTLDQKLLEDLQKKKNDLRYIEMQHFREKLPSYGMQKELVNLIDNHQVTVISGETGCGKTTQVTQFILDNYIERGKGSACRIVCTQPRRISAISVAERVAAERAESCGSGNSTGYQIRLQSRLPRKQGSILYCTTGIILQWLQSDPYLSSVSHIVLDEIHERNLQSDVLMTVVKDLLNFRSDLKVILMSATLNAEKFSEYFGNCPMIHIPGFTFPVVEYLLEDVIEKIRYVPEQKEHRSQFKRGFMQGHVNRQEKEEKEAIYKERWPDYVRELRRRYSASTVDVIEMMEDDKVDLNLIVALIRYIVLEEEDGAILVFLPGWDNISTLHDLLMSQVMFKSDKFLIIPLHSLMPTVNQTQVFKRTPPGVRKIVIATNIAETSITIDDVVYVIDGGKIKETHFDTQNNISTMSAEWVSKANAKQRKGRAGRVQPGHCYHLYNGLRASLLDDYQLPEILRTPLEELCLQIKILRLGGIAYFLSRLMDPPSNEAVLLSIRHLMELNALDKQEELTPLGVHLARLPVEPHIGKMILFGALFCCLDPVLTIAASLSFKDPFVIPLGKEKIADARRKELAKDTRSDHLTVVNAFEGWEEARRRGFRYEKDYCWEYFLSSNTLQMLHNMKGQFAEHLLGAGFVSSRNPKDPESNINSDNEKIIKAVICAGLYPKVAKIRLNLGKKRKMVKVYTKTDGLVAVHPKSVNVEQTDFHYNWLIYHLKMRTSSIYLYDCTEVSPYCLLFFGGDISIQKDNDQETIAVDEWIVFQSPARIAHLVKELRKELDILLQEKIESPHPVDWNDTKSRDCAVLSAIIDLIKTQEKATPRNFPPRFQDGYYS,G4_RNA_Htr_1_43
38,G4RIP44,5'-[AAAGGGGAAAGGGGAAAGGGGAAAGGGG]-3',NOA1,Q8NC60,NOA1_HUMAN,23933583,MLPARLPFRLLSLFLRGSAPTAARHGLREPLLERRCAAASSFQHSSSLGRELPYDPVDTEGFGEGGDMQERFLFPEYILDPEPQPTREKQLQELQQQQEEEERQRQQRREERRQQNLRARSREHPVVGHPDPALPPSGVNCSGCGAELHCQDAGVPGYLPREKFLRTAEADGGLARTVCQRCWLLSHHRRALRLQVSREQYLELVSAALRRPGPSLVLYMVDLLDLPDALLPDLPALVGPKQLIVLGNKVDLLPQDAPGYRQRLRERLWEDCARAGLLLAPGHQGPQRPVKDEPQDGENPNPPNWSRTVVRDVRLISAKTGYGVEELISALQRSWRYRGDVYLVGATNAGKSTLFNTLLESDYCTAKGSEAIDRATISPWPGTTLNLLKFPICNPTPYRMFKRHQRLKKDSTQAEEDLSEQEQNQLNVLKKHGYVVGRVGRTFLYSEEQKDNIPFEFDADSLAFDMENDPVMGTHKSTKQVELTAQDVKDAHWFYDTPGITKENCILNLLTEKEVNIVLPTQSIVPRTFVLKPGMVLFLGAIGRIDFLQGNQSAWFTVVASNILPVHITSLDRADALYQKHAGHTLLQIPMGGKERMAGFPPLVAEDIMLKEGLGASEAVADIKFSSAGWVSVTPNFKDRLHLRGYTPEGTVLTVRPPLLPYIVNIKGQRIKKSVAYKTKKPPSLMYNVRKKKGKINV,G4s_RNA
39,G4RIP45,5'-[r(UUAGGG)4]-3',RGG3 Region of TLS,P35637,FUS_HUMAN,23521792,MASNDYTQQATQSYGAYPTQPGQGYSQQSSQPYGQQSYSGYSQSTDTSGYGQSSYSSYGQSQNTGYGTQSTPQGYGSTGGYGSSQSSQSSYGQQSSYPGYGQQPAPSSTSGSYGSSSQSSSYGQPQSGSYSQQPSYGGQQQSYGQQQSYNPPQGYGQQNQYNSSSGGGGGGGGGGNYGQDQSSMSSGGGSGGGYGNQDQSGGGGSGGYGQQDRGGRGRGGSGGGGGGGGGGYNRSSGGYEPRGRGGGRGGRGGMGGSDRGGFNKFGGPRDQGSRHDSEQDNSDNNTIFVQGLGENVTIESVADYFKQIGIIKTNKKTGQPMINLYTDRETGKLKGEATVSFDDPPSAKAAIDWFDGKEFSGNPIKVSFATRRADFNRGGGNGRGGRGRGGPMGRGGYGGGGSGGGGRGGFPSGGGGGGGQQRAGDWKCPNPTCENMNFSWRNECNQCKAPKPDGPGGGPGGSHMGGNYGDDRRGGRGGYDRGGYRGRGGDRGGFRGGRGGGDRGGFGPGKMDSRGEHRQDRRERPY,TERRA
40,G4RIP46,"5'-[AGGGAU-3?,5?-AGG*G*AU]-3'",hnRNP F(qRRM3),P52597,HNRPF_HUMAN,23275549,MMLGPEGGEGFVVKLRGLPWSCSVEDVQNFLSDCTIHDGAAGVHFIYTREGRQSGEAFVELGSEDDVKMALKKDRESMGHRYIEVFKSHRTEMDWVLKHSGPNSADSANDGFVRLRGLPFGCTKEEIVQFFSGLEIVPNGITLPVDPEGKITGEAFVQFASQELAEKALGKHKERIGHRYIEVFKSSQEEVRSYSDPPLKFMSVQRPGPYDRPGTARRYIGIVKQAGLERMRPGAYSTGYGGYEEYSGLSDGYGFTTDLFGRDLSYCLSGMYDHRYGDSEFTVQSTTGHCVHMRGLPYKATENDIYNFFSPLNPVRVHIEIGPDGRVTGEADVEFATHEEAVAAMSKDRANMQHRYIELFLNSTTGASNGAYSSQVMQGMGVSAAQATYSGLESQSVSGCYGAGYSGQNSMGGYD,G_tracts__ssRNA
41,G4RIP47,5'-[GGA-(GGGUUA)]4-3',hnRNP F(qRRM3),P52598,HNRPF_HUMAN,23275549,MIPVERRQIILEMVAEKGIVSIAELTDRMNVSHMTIRRDLQKLEQQGAVVLVSGGVQSPGRVAHEPSHQVKTALAMTQKAAIGKLAASLVQPGSCIYLDAGTTTLAIAQHLIHMESLTVVTNDFVIADYLLDNSNCTIIHTGGAVCRENRSCVGEAAATMLRSLMIDQAFISASSWSVRGISTPAEDKVTVKRAIASASRQRVLVCDATKYGQVATWLALPLSEFDQIITDDGLPESASRALVKQDLSLLVAKNE,TERRA1
42,G4RIP48,5'-[GAG-(UUAGGG)4UUA]-3',hnRNP F(qRRM3),P52599,HNRPF_HUMAN,23275549,MEQINSNKKHSNRRKYFSLLAVVLFIAFSGAYAYWSMELEDMISTDDAYVTGNADPISAQVSGSVTVVNHKDTNYVRQGDILVSLDKTDATIALNKAKNNLANIVRQTNKLYLQDKQYSAEVASARIQYQQSLEDYNRRVPLAKQGVISKETLEHTKDTLISSKAALNAAIQAYKANKALVMNTPLNRQPQVVEAADATKEAWLALKRTDIKSPVTGYIAQRSVQVGETVSPGQSLMAVVPARQMWVNANFKETQLTDVRIGQSVNIISDLYGENVVFHGRVTGINMGTGNAFSLLPAQNATGNWIKIVQRVPVEVSLDPKELMEHPLRIGLSMTATIDTKNEDIAEMPELASTVTSMPAYTSKALVIDTSPIEKEISNIISHNGQL,TERRA2
44,G4RIP5,5'-[ GGGGAGGAGAGGUCGGGGUGGGGAGUGGGG]-3',FMRP,Q06787,FMR1_HUMAN,25692235,MEELVVEVRGSNGAFYKAFVKDVHEDSITVAFENNWQPDRQIPFHDVRFPPPVGYNKDINESDEVEVYSRANEKEPCCWWLAKVRMIKGEFYVIEYAACDATYNEIVTIERLRSVNPNKPATKDTFHKIKLDVPEDLRQMCAKEAAHKDFKKAVGAFSVTYDPENYQLVILSINEVTSKRAHMLIDMHFRSLRTKLSLIMRNEEASKQLESSRQLASRFHEQFIVREDLMGLAIGTHGANIQQARKVPGVTAIDLDEDTCTFHIYGEDQDAVKKARSFLEFAEDVIQVPRNLVGKVIGKNGKLIQEIVDKSGVVRVRIEAENEKNVPQEEEIMPPNSLPSNNSRVGPNAPEEKKHLDIKENSTHFSQPNSTKVQRVLVASSVVAGESQKPELKAWQGMVPFVFVGTKDSIANATVLLDYHLNYLKEVDQLRLERLQIDEQLRQIGASSRPPPNRTDKEKSYVTDDGQGMGRGSRPYRNRGHGRRGPGYTSGTNSEASNASETESDHRDELSDWSLAPTEEERESFLRRGDGRRRGGGGRGQGGRGRGGGFKGNDDHSRTDNRPRNPREAKGRTTDGSLQIRVDCNNERSVHTKTLQNTSSEGSRLRTGKDRNQKKEKPDSVDGQQPLVNGVP,G_quadruplex_Shank1b
48,G4RIP53,5'-[AAAAA AAAAA AAAAA GGGGG AAAAA AAAAA AAAAA]-3',DHX36 or RHAU or G4R1,Q9H2U1,DHX36_HUMAN,18842585,MSYDYHQNWGRDGGPRSSGGGYGGGPAGGHGGNRGSGGGGGGGGGGRGGRGRHPGHLKGREIGMWYAKKQGQKNKEAERQERAVVHMDERREEQIVQLLNSVQAKNDKESEAQISWFAPEDHGYGTEVSTKNTPCSENKLDIQEKKLINQEKKMFRIRNRSYIDRDSEYLLQENEPDGTLDQKLLEDLQKKKNDLRYIEMQHFREKLPSYGMQKELVNLIDNHQVTVISGETGCGKTTQVTQFILDNYIERGKGSACRIVCTQPRRISAISVAERVAAERAESCGSGNSTGYQIRLQSRLPRKQGSILYCTTGIILQWLQSDPYLSSVSHIVLDEIHERNLQSDVLMTVVKDLLNFRSDLKVILMSATLNAEKFSEYFGNCPMIHIPGFTFPVVEYLLEDVIEKIRYVPEQKEHRSQFKRGFMQGHVNRQEKEEKEAIYKERWPDYVRELRRRYSASTVDVIEMMEDDKVDLNLIVALIRYIVLEEEDGAILVFLPGWDNISTLHDLLMSQVMFKSDKFLIIPLHSLMPTVNQTQVFKRTPPGVRKIVIATNIAETSITIDDVVYVIDGGKIKETHFDTQNNISTMSAEWVSKANAKQRKGRAGRVQPGHCYHLYNGLRASLLDDYQLPEILRTPLEELCLQIKILRLGGIAYFLSRLMDPPSNEAVLLSIRHLMELNALDKQEELTPLGVHLARLPVEPHIGKMILFGALFCCLDPVLTIAASLSFKDPFVIPLGKEKIADARRKELAKDTRSDHLTVVNAFEGWEEARRRGFRYEKDYCWEYFLSSNTLQMLHNMKGQFAEHLLGAGFVSSRNPKDPESNINSDNEKIIKAVICAGLYPKVAKIRLNLGKKRKMVKVYTKTDGLVAVHPKSVNVEQTDFHYNWLIYHLKMRTSSIYLYDCTEVSPYCLLFFGGDISIQKDNDQETIAVDEWIVFQSPARIAHLVKELRKELDILLQEKIESPHPVDWNDTKSRDCAVLSAIIDLIKTQEKATPRNFPPRFQDGYYS,tetramolecular_RNA_quadruplex
49,G4RIP54,5'-[GAUUGGAAGGGAGGGAGGUG]-3',FMRP,Q06787,FMR1_HUMAN,19396385,MEELVVEVRGSNGAFYKAFVKDVHEDSITVAFENNWQPDRQIPFHDVRFPPPVGYNKDINESDEVEVYSRANEKEPCCWWLAKVRMIKGEFYVIEYAACDATYNEIVTIERLRSVNPNKPATKDTFHKIKLDVPEDLRQMCAKEAAHKDFKKAVGAFSVTYDPENYQLVILSINEVTSKRAHMLIDMHFRSLRTKLSLIMRNEEASKQLESSRQLASRFHEQFIVREDLMGLAIGTHGANIQQARKVPGVTAIDLDEDTCTFHIYGEDQDAVKKARSFLEFAEDVIQVPRNLVGKVIGKNGKLIQEIVDKSGVVRVRIEAENEKNVPQEEEIMPPNSLPSNNSRVGPNAPEEKKHLDIKENSTHFSQPNSTKVQRVLVASSVVAGESQKPELKAWQGMVPFVFVGTKDSIANATVLLDYHLNYLKEVDQLRLERLQIDEQLRQIGASSRPPPNRTDKEKSYVTDDGQGMGRGSRPYRNRGHGRRGPGYTSGTNSEASNASETESDHRDELSDWSLAPTEEERESFLRRGDGRRRGGGGRGQGGRGRGGGFKGNDDHSRTDNRPRNPREAKGRTTDGSLQIRVDCNNERSVHTKTLQNTSSEGSRLRTGKDRNQKKEKPDSVDGQQPLVNGVP,G_quadruplex_S3F_sh_RNA
50,G4RIP56,5'-[UGGGGU]-3',DHX36 or RHAU or G4R1,Q9H2U1,DHX36_HUMAN,25653156,MSYDYHQNWGRDGGPRSSGGGYGGGPAGGHGGNRGSGGGGGGGGGGRGGRGRHPGHLKGREIGMWYAKKQGQKNKEAERQERAVVHMDERREEQIVQLLNSVQAKNDKESEAQISWFAPEDHGYGTEVSTKNTPCSENKLDIQEKKLINQEKKMFRIRNRSYIDRDSEYLLQENEPDGTLDQKLLEDLQKKKNDLRYIEMQHFREKLPSYGMQKELVNLIDNHQVTVISGETGCGKTTQVTQFILDNYIERGKGSACRIVCTQPRRISAISVAERVAAERAESCGSGNSTGYQIRLQSRLPRKQGSILYCTTGIILQWLQSDPYLSSVSHIVLDEIHERNLQSDVLMTVVKDLLNFRSDLKVILMSATLNAEKFSEYFGNCPMIHIPGFTFPVVEYLLEDVIEKIRYVPEQKEHRSQFKRGFMQGHVNRQEKEEKEAIYKERWPDYVRELRRRYSASTVDVIEMMEDDKVDLNLIVALIRYIVLEEEDGAILVFLPGWDNISTLHDLLMSQVMFKSDKFLIIPLHSLMPTVNQTQVFKRTPPGVRKIVIATNIAETSITIDDVVYVIDGGKIKETHFDTQNNISTMSAEWVSKANAKQRKGRAGRVQPGHCYHLYNGLRASLLDDYQLPEILRTPLEELCLQIKILRLGGIAYFLSRLMDPPSNEAVLLSIRHLMELNALDKQEELTPLGVHLARLPVEPHIGKMILFGALFCCLDPVLTIAASLSFKDPFVIPLGKEKIADARRKELAKDTRSDHLTVVNAFEGWEEARRRGFRYEKDYCWEYFLSSNTLQMLHNMKGQFAEHLLGAGFVSSRNPKDPESNINSDNEKIIKAVICAGLYPKVAKIRLNLGKKRKMVKVYTKTDGLVAVHPKSVNVEQTDFHYNWLIYHLKMRTSSIYLYDCTEVSPYCLLFFGGDISIQKDNDQETIAVDEWIVFQSPARIAHLVKELRKELDILLQEKIESPHPVDWNDTKSRDCAVLSAIIDLIKTQEKATPRNFPPRFQDGYYS,RNA_G_quadruplex
51,G4RIP57,5'-[UUAGGG]-3',TRF2,Q15554,TERF2_HUMAN,22780456,MAAGAGTAGPASGPGVVRDPAASQPRKRPGREGGEGARRSDTMAGGGGSSDGSGRAAGRRASRSSGRARRGRHEPGLGGPAERGAGEARLEEAVNRWVLKFYFHEALRAFRGSRYGDFRQIRDIMQALLVRPLGKEHTVSRLLRVMQCLSRIEEGENLDCSFDMEAELTPLESAINVLEMIKTEFTLTEAVVESSRKLVKEAAVIICIKNKEFEKASKILKKHMSKDPTTQKLRNDLLNIIREKNLAHPVIQNFSYETFQQKMLRFLESHLDDAEPYLLTMAKKALKSESAASSTGKEDKQPAPGPVEKPPREPARQLRNPPTTIGMMTLKAAFKTLSGAQDSEAAFAKLDQKDLVLPTQALPASPALKNKRPRKDENESSAPADGEGGSELQPKNKRMTISRLVLEEDSQSTEPSAGLNSSQEAASAPPSKPTVLNQPLPGEKNPKVPKGKWNSSNGVEEKETWVEEDELFQVQAAPDEDSTTNITKKQKWTVEESEWVKAGVQKYGEGNWAAISKNYPFVNRTAVMIKDRWRTMKRLGMN,TERRA
53,G4RIP59,5'-[GUUGGGGCGGGCGUUGGGUUUGGGGGGACG]-3',DHX36 or RHAU or G4R1,Q9H2U1,DHX36_HUMAN,26649896,MSYDYHQNWGRDGGPRSSGGGYGGGPAGGHGGNRGSGGGGGGGGGGRGGRGRHPGHLKGREIGMWYAKKQGQKNKEAERQERAVVHMDERREEQIVQLLNSVQAKNDKESEAQISWFAPEDHGYGTEVSTKNTPCSENKLDIQEKKLINQEKKMFRIRNRSYIDRDSEYLLQENEPDGTLDQKLLEDLQKKKNDLRYIEMQHFREKLPSYGMQKELVNLIDNHQVTVISGETGCGKTTQVTQFILDNYIERGKGSACRIVCTQPRRISAISVAERVAAERAESCGSGNSTGYQIRLQSRLPRKQGSILYCTTGIILQWLQSDPYLSSVSHIVLDEIHERNLQSDVLMTVVKDLLNFRSDLKVILMSATLNAEKFSEYFGNCPMIHIPGFTFPVVEYLLEDVIEKIRYVPEQKEHRSQFKRGFMQGHVNRQEKEEKEAIYKERWPDYVRELRRRYSASTVDVIEMMEDDKVDLNLIVALIRYIVLEEEDGAILVFLPGWDNISTLHDLLMSQVMFKSDKFLIIPLHSLMPTVNQTQVFKRTPPGVRKIVIATNIAETSITIDDVVYVIDGGKIKETHFDTQNNISTMSAEWVSKANAKQRKGRAGRVQPGHCYHLYNGLRASLLDDYQLPEILRTPLEELCLQIKILRLGGIAYFLSRLMDPPSNEAVLLSIRHLMELNALDKQEELTPLGVHLARLPVEPHIGKMILFGALFCCLDPVLTIAASLSFKDPFVIPLGKEKIADARRKELAKDTRSDHLTVVNAFEGWEEARRRGFRYEKDYCWEYFLSSNTLQMLHNMKGQFAEHLLGAGFVSSRNPKDPESNINSDNEKIIKAVICAGLYPKVAKIRLNLGKKRKMVKVYTKTDGLVAVHPKSVNVEQTDFHYNWLIYHLKMRTSSIYLYDCTEVSPYCLLFFGGDISIQKDNDQETIAVDEWIVFQSPARIAHLVKELRKELDILLQEKIESPHPVDWNDTKSRDCAVLSAIIDLIKTQEKATPRNFPPRFQDGYYS,PITX1
54,G4RIP60,5'-[UGAGAAGGGCGUAGG]-3' and 5'-[GTCTTAGGGCAG]-3,h PARP-1,P09874,PARP1_HUMAN,18953025,MAESSDKLYRVEYAKSGRASCKKCSESIPKDSLRMAIMVQSPMFDGKVPHWYHFSCFWKVGHSIRHPDVEVDGFSELRWDDQQKVKKTAEAGGVTGKGQDGIGSKAEKTLGDFAAEYAKSNRSTCKGCMEKIEKGQVRLSKKMVDPEKPQLGMIDRWYHPGCFVKNREELGFRPEYSASQLKGFSLLATEDKEALKKQLPGVKSEGKRKGDEVDGVDEVAKKKSKKEKDKDSKLEKALKAQNDLIWNIKDELKKVCSTNDLKELLIFNKQQVPSGESAILDRVADGMVFGALLPCEECSGQLVFKSDAYYCTGDVTAWTKCMVKTQTPNRKEWVTPKEFREISYLKKLKVKKQDRIFPPETSASVAATPPPSTASAPAAVNSSASADKPLSNMKILTLGKLSRNKDEVKAMIEKLGGKLTGTANKASLCISTKKEVEKMNKKMEEVKEANIRVVSEDFLQDVSASTKSLQELFLAHILSPWGAEVKAEPVEVVAPRGKSGAALSKKSKGQVKEEGINKSEKRMKLTLKGGAAVDPDSGLEHSAHVLEKGGKVFSATLGLVDIVKGTNSYYKLQLLEDDKENRYWIFRSWGRVGTVIGSNKLEQMPSKEDAIEHFMKLYEEKTGNAWHSKNFTKYPKKFYPLEIDYGQDEEAVKKLTVNPGTKSKLPKPVQDLIKMIFDVESMKKAMVEYEIDLQKMPLGKLSKRQIQAAYSILSEVQQAVSQGSSDSQILDLSNRFYTLIPHDFGMKKPPLLNNADSVQAKVEMLDNLLDIEVAYSLLRGGSDDSSKDPIDVNYEKLKTDIKVVDRDSEEAEIIRKYVKNTHATTHNAYDLEVIDIFKIEREGECQRYKPFKQLHNRRLLWHGSRTTNFAGILSQGLRIAPPEAPVTGYMFGKGIYFADMVSKSANYCHTSQGDPIGLILLGEVALGNMYELKHASHISKLPKGKHSVKGLGKTTPDPSANISLDGVDVPLGTGISSGVNDTSLLYNEYIVYDIAQVNLKYLLKLKFNFKTSLW,telomerase_RNA_telomeric_DNA
55,G4RIP61,5'-[GGGGCC]23-3',ROA3_HUMAN,P51991,ROA3_HUMAN,23381195,MEVKPPPGRPQPDSGRRRRRRGEEGHDPKEPEQLRKLFIGGLSFETTDDSLREHFEKWGTLTDCVVMRDPQTKRSRGFGFVTYSCVEEVDAAMCARPHKVDGRVVEPKRAVSREDSVKPGAHLTVKKIFVGGIKEDTEEYNLRDYFEKYGKIETIEVMEDRQSGKKRGFAFVTFDDHDTVDKIVVQKYHTINGHNCEVKKALSKQEMQSAGSQRGRGGGSGNFMGRGGNFGGGGGNFGRGGNFGGRGGYGGGGGGSRGSYGGGDGGYNGFGGDGGNYGGGPGYSSRGGYGGGGPGYGNQGGGYGGGGGYDGYNEGGNFGGGNYGGGGNYNDFGNYSGQQQSNYGPMKGGSFGGRSSGSPYGGGYGSGGGSGGYGSRRF,c9orf72_G_quadruplex
56,G4RIP62,5'-[GGGGCC]23-3',SFPQ_HUMAN,P23246,SFPQ_HUMAN,23381195,MSRDRFRSRGGGGGGFHRRGGGGGRGGLHDFRSPPPGMGLNQNRGPMGPGPGQSGPKPPIPPPPPHQQQQQPPPQQPPPQQPPPHQPPPHPQPHQQQQPPPPPQDSSKPVVAQGPGPAPGVGSAPPASSSAPPATPPTSGAPPGSGPGPTPTPPPAVTSAPPGAPPPTPPSSGVPTTPPQAGGPPPPPAAVPGPGPGPKQGPGPGGPKGGKMPGGPKPGGGPGLSTPGGHPKPPHRGGGEPRGGRQHHPPYHQQHHQGPPPGGPGGRSEEKISDSEGFKANLSLLRRPGEKTYTQRCRLFVGNLPADITEDEFKRLFAKYGEPGEVFINKGKGFGFIKLESRALAEIAKAELDDTPMRGRQLRVRFATHAAALSVRNLSPYVSNELLEEAFSQFGPIERAVVIVDDRGRSTGKGIVEFASKPAARKAFERCSEGVFLLTTTPRPVIVEPLEQLDDEDGLPEKLAQKNPMYQKERETPPRFAQHGTFEYEYSQRWKSLDEMEKQQREQVEKNMKDAKDKLESEMEDAYHEHQANLLRQDLMRRQEELRRMEELHNQEMQKRKEMQLRQEEERRRREEEMMIRQREMEEQMRRQREESYSRMGYMDPRERDMRMGGGGAMNMGDPYGSGGQKFPPLGGGGGIGYEANPGVPPATMSGSMMGSDMRTERFGQGGAGPVGGQGPRGMGPGTPAGYGRGREEYEGPNKKPRF,c9orf72_G_quadruplex
57,G4RIP63,5'-[GGGGCC]23-3',SF3B3_HUMAN,Q15393,SF3B3_HUMAN,23381195,MFLYNLTLQRATGISFAIHGNFSGTKQQEIVVSRGKILELLRPDPNTGKVHTLLTVEVFGVIRSLMAFRLTGGTKDYIVVGSDSGRIVILEYQPSKNMFEKIHQETFGKSGCRRIVPGQFLAVDPKGRAVMISAIEKQKLVYILNRDAAARLTISSPLEAHKANTLVYHVVGVDVGFENPMFACLEMDYEEADNDPTGEAAANTQQTLTFYELDLGLNHVVRKYSEPLEEHGNFLITVPGGSDGPSGVLICSENYITYKNFGDQPDIRCPIPRRRNDLDDPERGMIFVCSATHKTKSMFFFLAQTEQGDIFKITLETDEDMVTEIRLKYFDTVPVAAAMCVLKTGFLFVASEFGNHYLYQIAHLGDDDEEPEFSSAMPLEEGDTFFFQPRPLKNLVLVDELDSLSPILFCQIADLANEDTPQLYVACGRGPRSSLRVLRHGLEVSEMAVSELPGNPNAVWTVRRHIEDEFDAYIIVSFVNATLVLSIGETVEEVTDSGFLGTTPTLSCSLLGDDALVQVYPDGIRHIRADKRVNEWKTPGKKTIVKCAVNQRQVVIALTGGELVYFEMDPSGQLNEYTERKEMSADVVCMSLANVPPGEQRSRFLAVGLVDNTVRIISLDPSDCLQPLSMQALPAQPESLCIVEMGGTEKQDELGERGSIGFLYLNIGLQNGVLLRTVLDPVTGDLSDTRTRYLGSRPVKLFRVRMQGQEAVLAMSSRSWLSYSYQSRFHLTPLSYETLEFASGFASEQCPEGIVAISTNTLRILALEKLGAVFNQVAFPLQYTPRKFVIHPESNNLIIIETDHNAYTEATKAQRKQQMAEEMVEAAGEDERELAAEMAAAFLNENLPESIFGAPKAGNGQWASVIRVMNPIQGNTLDLVQLEQNEAAFSVAVCRFSNTGEDWYVLVGVAKDLILNPRSVAGGFVYTYKLVNNGEKLEFLHKTPVEEVPAAIAPFQGRVLIGVGKLLRVYDLGKKKLLRKCENKHIANYISGIQTIGHRVIVSDVQESFIWVRYKRNENQLIIFADDTYPRWVTTASLLDYDTVAGADKFGNICVVRLPPNTNDEVDEDPTGNKALWDRGLLNGASQKAEVIMNYHVGETVLSLQKTTLIPGGSESLVYTTLSGGIGILVPFTSHEDHDFFQHVEMHLRSEHPPLCGRDHLSFRSYYFPVKNVIDGDLCEQFNSMEPNKQKNVSEELDRTPPEVSKKLEDIRTRYAF,c9orf72_G_quadruplex
58,G4RIP64,5'-[GGGGCC]23-3',ELAV1_HUMAN,Q15717,ELAV1_HUMAN,23381195,MSNGYEDHMAEDCRGDIGRTNLIVNYLPQNMTQDELRSLFSSIGEVESAKLIRDKVAGHSLGYGFVNYVTAKDAERAINTLNGLRLQSKTIKVSYARPSSEVIKDANLYISGLPRTMTQKDVEDMFSRFGRIINSRVLVDQTTGLSRGVAFIRFDKRSEAEEAITSFNGHKPPGSSEPITVKFAANPNQNKNVALLSQLYHSPARRFGGPVHHQAQRFRFSPMGVDHMSGLSGVNVPGNASSGWCIFIYNLGQDADEGILWQMFGPFGAVTNVKVIRDFNTNKCKGFGFVTMTNYEEAAMAIASLNGYRLGDKILQVSFKTNKSHK,c9orf72_G_quadruplex
59,G4RIP65,5'-[GGGGCC]23-3',ILF3_HUMAN,Q12906,ILF3_HUMAN,23381195,MRPMRIFVNDDRHVMAKHSSVYPTQEELEAVQNMVSHTERALKAVSDWIDEQEKGSSEQAESDNMDVPPEDDSKEGAGEQKTEHMTRTLRGVMRVGLVAKGLLLKGDLDLELVLLCKEKPTTALLDKVADNLAIQLAAVTEDKYEILQSVDDAAIVIKNTKEPPLSLTIHLTSPVVREEMEKVLAGETLSVNDPPDVLDRQKCLAALASLRHAKWFQARANGLKSCVIVIRVLRDLCTRVPTWGPLRGWPLELLCEKSIGTANRPMGAGEALRRVLECLASGIVMPDGSGIYDPCEKEATDAIGHLDRQQREDITQSAQHALRLAAFGQLHKVLGMDPLPSKMPKKPKNENPVDYTVQIPPSTTYAITPMKRPMEEDGEEKSPSKKKKKIQKKEEKAEPPQAMNALMRLNQLKPGLQYKLVSQTGPVHAPIFTMSVEVDGNSFEASGPSKKTAKLHVAVKVLQDMGLPTGAEGRDSSKGEDSAEETEAKPAVVAPAPVVEAVSTPSAAFPSDATAEQGPILTKHGKNPVMELNEKRRGLKYELISETGGSHDKRFVMEVEVDGQKFQGAGSNKKVAKAYAALAALEKLFPDTPLALDANKKKRAPVPVRGGPKFAAKPHNPGFGMGGPMHNEVPPPPNLRGRGRGGSIRGRGRGRGFGGANHGGYMNAGAGYGSYGYGGNSATAGYSQFYSNGGHSGNASGGGGGGGGGSSGYGSYYQGDNYNSPVPPKHAGKKQPHGGQQKPSYGSGYQSHQGQQQSYNQSPYSNYGPPQGKQKGYNHGQGSYSYSNSYNSPGGGGGSDYNYESKFNYSGSGGRSGGNSYGSGGASYNPGSHGGYGGGSGGGSSYQGKQGGYSQSNYNSPGSGQNYSGPPSSYQSSQGGYGRNADHSMNYQYR,c9orf72_G_quadruplex
60,G4RIP66,5'-[GGGGCC]23-3',NONO_HUMAN,Q15233,NONO_HUMAN,23381195,MQSNKTFNLEKQNHTPRKHHQHHHQQQHHQQQQQQPPPPPIPANGQQASSQNEGLTIDLKNFRKPGEKTFTQRSRLFVGNLPPDITEEEMRKLFEKYGKAGEVFIHKDKGFGFIRLETRTLAEIAKVELDNMPLRGKQLRVRFACHSASLTVRNLPQYVSNELLEEAFSVFGQVERAVVIVDDRGRPSGKGIVEFSGKPAARKALDRCSEGSFLLTTFPRPVTVEPMDQLDDEEGLPEKLVIKNQQFHKEREQPPRFAQPGSFEYEYAMRWKALIEMEKQQQDQVDRNIKEAREKLEMEMEAARHEHQVMLMRQDLMRRQEELRRMEELHNQEVQKRKQLELRQEEERRRREEEMRRQQEEMMRRQQEGFKGTFPDAREQEIRMGQMAMGGAMGINNRGAMPPAPVPAGTPAPPGPATMMPDGTLGLTPPTTERFGQAATMEGIGAIGGTPPAFNRAAPGAEFAPNKRRRY,c9orf72_G_quadruplex
61,G4RIP67,5'-[GGGGCC]23-3',HNRPR_HUMAN,O43390,HNRPR_HUMAN,23381195,MANQVNGNAVQLKEEEEPMDTSSVTHTEHYKTLIEAGLPQKVAERLDEIFQTGLVAYVDLDERAIDALREFNEEGALSVLQQFKESDLSHVQNKSAFLCGVMKTYRQREKQGSKVQESTKGPDEAKIKALLERTGYTLDVTTGQRKYGGPPPDSVYSGVQPGIGTEVFVGKIPRDLYEDELVPLFEKAGPIWDLRLMMDPLSGQNRGYAFITFCGKEAAQEAVKLCDSYEIRPGKHLGVCISVANNRLFVGSIPKNKTKENILEEFSKVTEGLVDVILYHQPDDKKKNRGFCFLEYEDHKSAAQARRRLMSGKVKVWGNVVTVEWADPVEEPDPEVMAKVKVLFVRNLATTVTEEILEKSFSEFGKLERVKKLKDYAFVHFEDRGAAVKAMDEMNGKEIEGEEIEIVLAKPPDKKRKERQAARQASRSTAYEDYYYHPPPRMPPPIRGRGRGGGRGGYGYPPDYYGYEDYYDDYYGYDYHDYRGGYEDPYYGYDDGYAVRGRGGGRGGRGAPPPPRGRGAPPPRGRAGYSQRGAPLGPPRGSRGGRGGPAQQQRGRGSRGSRGNRGGNVGGKRKADGYNQPDSKRRQTNNQQNWGSQPIAQQPLQQGGDYSGNYGYNNDNQEFYQDTYGQQWK,c9orf72_G_quadruplex
62,G4RIP68,5'-[GGGGCC]23-3',HNRPL_HUMAN,P14866,HNRPL_HUMAN,23381195,MSRRLLPRAEKRRRRLEQRQQPDEQRRRSGAMVKMAAAGGGGGGGRYYGGGSEGGRAPKRLKTDNAGDQHGGGGGGGGGAGAAGGGGGGENYDDPHKTPASPVVHIRGLIDGVVEADLVEALQEFGPISYVVVMPKKRQALVEFEDVLGACNAVNYAADNQIYIAGHPAFVNYSTSQKISRPGDSDDSRSVNSVLLFTILNPIYSITTDVLYTICNPCGPVQRIVIFRKNGVQAMVEFDSVQSAQRAKASLNGADIYSGCCTLKIEYAKPTRLNVFKNDQDTWDYTNPNLSGQGDPGSNPNKRQRQPPLLGDHPAEYGGPHGGYHSHYHDEGYGPPPPHYEGRRMGPPVGGHRRGPSRYGPQYGHPPPPPPPPEYGPHADSPVLMVYGLDQSKMNCDRVFNVFCLYGNVEKVKFMKSKPGAAMVEMADGYAVDRAITHLNNNFMFGQKLNVCVSKQPAIMPGQSYGLEDGSCSYKDFSESRNNRFSTPEQAAKNRIQHPSNVLHFFNAPLEVTEENFFEICDELGVKRPSSVKVFSGKSERSSSGLLEWESKSDALETLGFLNHYQMKNPNGPYPYTLKLCFSTAQHAS,c9orf72_G_quadruplex
63,G4RIP69,5'-[GGGGCC]23-3',SAFB1_HUMAN,Q15424,SAFB1_HUMAN,23381195,MAETLSGLGDSGAAGAAALSSASSETGTRRLSDLRVIDLRAELRKRNVDSSGNKSVLMERLKKAIEDEGGNPDEIEITSEGNKKTSKRSSKGRKPEEEGVEDNGLEENSGDGQEDVETSLENLQDIDIMDISVLDEAEIDNGSVADCVEDDDADNLQESLSDSRELVEGEMKELPEQLQEHAIEDKETINNLDTSSSDFTILQEIEEPSLEPENEKILDILGETCKSEPVKEESSELEQPFAQDTSSVGPDRKLAEEEDLFDSAHPEEGDLDLASESTAHAQSSKADSLLAVVKREPAEQPGDGERTDCEPVGLEPAVEQSSAASELAEASSEELAEAPTEAPSPEARDSKEDGRKFDFDACNEVPPAPKESSTSEGADQKMSSPEDDSDTKRLSKEEKGRSSCGRNFWVSGLSSTTRATDLKNLFSKYGKVVGAKVVTNARSPGARCYGFVTMSTAEEATKCINHLHKTELHGKMISVEKAKNEPVGKKTSDKRDSDGKKEKSSNSDRSTNLKRDDKCDRKDDAKKGDDGSGEKSKDQDDQKPGPSERSRATKSGSRGTERTVVMDKSKGVPVISVKTSGSKERASKSQDRKSASREKRSVVSFDKVKEPRKSRDSESHSRVRERSEREQRMQAQWEREERERLEIARERLAFQRQRLERERMERERLERERMHVEHERRREQERIHREREELRRQQELRYEQERRPAVRRPYDLDRRDDAYWPEAKRAALDERYHSDFNRQDRFHDFDHRDRGRYPDHSVDRREGSRSMMGEREGQHYPERHGGPERHGRDSRDGWGGYGSDKRMSEGRGLPPPPRRDWGDHGRREDDRSWQGTADGGMMDRDHKRWQGGERSMSGHSGPGHMMNRGGMSGRGSFAPGGASRGHPIPHGGMQGGFGGQSRGSRPSDARFTRRY,c9orf72_G_quadruplex
64,G4RIP7,5'-[UUAGGGUUAGGGUUAGGGUUAGGGUUA]-3',TRF2,Q15554,TERF2_HUMAN,22780456,MAAGAGTAGPASGPGVVRDPAASQPRKRPGREGGEGARRSDTMAGGGGSSDGSGRAAGRRASRSSGRARRGRHEPGLGGPAERGAGEARLEEAVNRWVLKFYFHEALRAFRGSRYGDFRQIRDIMQALLVRPLGKEHTVSRLLRVMQCLSRIEEGENLDCSFDMEAELTPLESAINVLEMIKTEFTLTEAVVESSRKLVKEAAVIICIKNKEFEKASKILKKHMSKDPTTQKLRNDLLNIIREKNLAHPVIQNFSYETFQQKMLRFLESHLDDAEPYLLTMAKKALKSESAASSTGKEDKQPAPGPVEKPPREPARQLRNPPTTIGMMTLKAAFKTLSGAQDSEAAFAKLDQKDLVLPTQALPASPALKNKRPRKDENESSAPADGEGGSELQPKNKRMTISRLVLEEDSQSTEPSAGLNSSQEAASAPPSKPTVLNQPLPGEKNPKVPKGKWNSSNGVEEKETWVEEDELFQVQAAPDEDSTTNITKKQKWTVEESEWVKAGVQKYGEGNWAAISKNYPFVNRTAVMIKDRWRTMKRLGMN,TERRA_wt
65,G4RIP70,5'-[GGGGCC]23-3',IF2B1_HUMAN,Q9NZI8,IF2B1_HUMAN,23381195,MNKLYIGNLNESVTPADLEKVFAEHKISYSGQFLVKSGYAFVDCPDEHWAMKAIETFSGKVELQGKRLEIEHSVPKKQRSRKIQIRNIPPQLRWEVLDSLLAQYGTVENCEQVNTESETAVVNVTYSNREQTRQAIMKLNGHQLENHALKVSYIPDEQIAQGPENGRRGGFGSRGQPRQGSPVAAGAPAKQQQVDIPLRLLVPTQYVGAIIGKEGATIRNITKQTQSKIDVHRKENAGAAEKAISVHSTPEGCSSACKMILEIMHKEAKDTKTADEVPLKILAHNNFVGRLIGKEGRNLKKVEQDTETKITISSLQDLTLYNPERTITVKGAIENCCRAEQEIMKKVREAYENDVAAMSLQSHLIPGLNLAAVGLFPASSSAVPPPPSSVTGAAPYSSFMQAPEQEMVQVFIPAQAVGAIIGKKGQHIKQLSRFASASIKIAPPETPDSKVRMVIITGPPEAQFKAQGRIYGKLKEENFFGPKEEVKLETHIRVPASAAGRVIGKGGKTVNELQNLTAAEVVVPRDQTPDENDQVIVKIIGHFYASQMAQRKIRDILAQVKQQHQKGQSNQAQARRK,c9orf72_G_quadruplex
66,G4RIP71,5'-[GGGGCC]23-3',SAFB2_HUMAN,Q14151,SAFB2_HUMAN,23381195,MAETLPGSGDSGPGTASLGPGVAETGTRRLSELRVIDLRAELKKRNLDTGGNKSVLMERLKKAVKEEGQDPDEIGIELEATSKKSAKRCVKGLKMEEEGTEDNGLEDDSRDGQEDMEASLENLQNMGMMDMSVLDETEVANSSAPDFGEDGTDGLLDSFCDSKEYVAAQLRQLPAQPPEHAVDGEGFKNTLETSSLNFKVTPDIEESLLEPENEKILDILGETCKSEPVKEESSELEQPFAQDTSSVGPDRKLAEEEDLFDSAHPEEGDLDLASESTAHAQSSKADSLLAVVKREPAEQPGDGERTDCEPVGLEPAVEQSSAASELAEASSEELAEAPTEAPSPEARDSKEDGRKFDFDACNEVPPAPKESSTSEGADQKMSSFKEEKDIKPIIKDEKGRVGSGSGRNLWVSGLSSTTRATDLKNLFSKYGKVVGAKVVTNARSPGARCYGFVTMSTSDEATKCISHLHRTELHGRMISVEKAKNEPAGKKLSDRKECEVKKEKLSSVDRHHSVEIKIEKTVIKKEEKIEKKEEKKPEDIKKEEKDQDELKPGPTNRSRVTKSGSRGMERTVVMDKSKGEPVISVKTTSRSKERSSKSQDRKSESKEKRDILSFDKIKEQRERERQRQREREIRETERRREREQREREQRLEAFHERKEKARLQRERLQLECQRQRLERERMERERLERERMRVERERRKEQERIHREREELRRQQEQLRYEQERRPGRRPYDLDRRDDAYWPEGKRVAMEDRYRADFPRPDHRFHDFDHRDRGQYQDHAIDRREGSRPMMGDHRDGQHYGDDRHGHGGPPERHGRDSRDGWGGYGSDKRLSEGRGLPPPPRGGRDWGEHNQRLEEHQARAWQGAMDAGAASREHARWQGGERGLSGPSGPGHMASRGGVAGRGGFAQGGHSQGHVVPGGGLEGGGVASQDRGSRVPHPHPHPPPYPHFTRRY,c9orf72_G_quadruplex
67,G4RIP72,5'-[GGGGCC]23-3',ROA1_HUMAN,P09651,ROA1_HUMAN,23381195,MSKSESPKEPEQLRKLFIGGLSFETTDESLRSHFEQWGTLTDCVVMRDPNTKRSRGFGFVTYATVEEVDAAMNARPHKVDGRVVEPKRAVSREDSQRPGAHLTVKKIFVGGIKEDTEEHHLRDYFEQYGKIEVIEIMTDRGSGKKRGFAFVTFDDHDSVDKIVIQKYHTVNGHNCEVRKALSKQEMASASSSQRGRSGSGNFGGGRGGGFGGNDNFGRGGNFSGRGGFGGSRGGGGYGGSGDGYNGFGNDGGYGGGGPGYSGGSRGYGSGGQGYGNQGSGYGGSGSYDSYNNGGGGGFGGGSGSNFGGGGSYNDFGNYNNQSSNFGPMKGGNFGGRSSGPYGGGGQYFAKPRNQGGYGGSSSSSSYGSGRRF,c9orf72_G_quadruplex
68,G4RIP73,5'-[GGGGCC]23-3',DSRAD_HUMAN,P55265,DSRAD_HUMAN,23381195,MNPRQGYSLSGYYTHPFQGYEHRQLRYQQPGPGSSPSSFLLKQIEFLKGQLPEAPVIGKQTPSLPPSLPGLRPRFPVLLASSTRGRQVDIRGVPRGVHLRSQGLQRGFQHPSPRGRSLPQRGVDCLSSHFQELSIYQDQEQRILKFLEELGEGKATTAHDLSGKLGTPKKEINRVLYSLAKKGKLQKEAGTPPLWKIAVSTQAWNQHSGVVRPDGHSQGAPNSDPSLEPEDRNSTSVSEDLLEPFIAVSAQAWNQHSGVVRPDSHSQGSPNSDPGLEPEDSNSTSALEDPLEFLDMAEIKEKICDYLFNVSDSSALNLAKNIGLTKARDINAVLIDMERQGDVYRQGTTPPIWHLTDKKRERMQIKRNTNSVPETAPAAIPETKRNAEFLTCNIPTSNASNNMVTTEKVENGQEPVIKLENRQEARPEPARLKPPVHYNGPSKAGYVDFENGQWATDDIPDDLNSIRAAPGEFRAIMEMPSFYSHGLPRCSPYKKLTECQLKNPISGLLEYAQFASQTCEFNMIEQSGPPHEPRFKFQVVINGREFPPAEAGSKKVAKQDAAMKAMTILLEEAKAKDSGKSEESSHYSTEKESEKTAESQTPTPSATSFFSGKSPVTTLLECMHKLGNSCEFRLLSKEGPAHEPKFQYCVAVGAQTFPSVSAPSKKVAKQMAAEEAMKALHGEATNSMASDNQPEGMISESLDNLESMMPNKVRKIGELVRYLNTNPVGGLLEYARSHGFAAEFKLVDQSGPPHEPKFVYQAKVGGRWFPAVCAHSKKQGKQEAADAALRVLIGENEKAERMGFTEVTPVTGASLRRTMLLLSRSPEAQPKTLPLTGSTFHDQIAMLSHRCFNTLTNSFQPSLLGRKILAAIIMKKDSEDMGVVVSLGTGNRCVKGDSLSLKGETVNDCHAEIISRRGFIRFLYSELMKYNSQTAKDSIFEPAKGGEKLQIKKTVSFHLYISTAPCGDGALFDKSCSDRAMESTESRHYPVFENPKQGKLRTKVENGEGTIPVESSDIVPTWDGIRLGERLRTMSCSDKILRWNVLGLQGALLTHFLQPIYLKSVTLGYLFSQGHLTRAICCRVTRDGSAFEDGLRHPFIVNHPKVGRVSIYDSKRQSGKTKETSVNWCLADGYDLEILDGTRGTVDGPRNELSRVSKKNIFLLFKKLCSFRYRRDLLRLSYGEAKKAARDYETAKNYFKKGLKDMGYGNWISKPQEEKNFYLCPV,c9orf72_G_quadruplex
69,G4RIP74,5'-[GGGGCC]23-3',DHX15_HUMAN,DHX15,DHX15_HUMAN,23381195,,c9orf72_G_quadruplex
70,G4RIP75,5'-[GGGGCC]23-3',ILF2_HUMAN,Q12905,ILF2_HUMAN,23381195,MRGDRGRGRGGRFGSRGGPGGGFRPFVPHIPFDFYLCEMAFPRVKPAPDETSFSEALLKRNQDLAPNSAEQASILSLVTKINNVIDNLIVAPGTFEVQIEEVRQVGSYKKGTMTTGHNVADLVVILKILPTLEAVAALGNKVVESLRAQDPSEVLTMLTNETGFEISSSDATVKILITTVPPNLRKLDPELHLDIKVLQSALAAIRHARWFEENASQSTVKVLIRLLKDLRIRFPGFEPLTPWILDLLGHYAVMNNPTRQPLALNVAYRRCLQILAAGLFLPGSVGITDPCESGNFRVHTVMTLEQQDMVCYTAQTLVRILSHGGFRKILGQEGDASYLASEISTWDGVIVTPSEKAYEKPPEKKEGEEEEENTEEPPQGEEEESMETQE,c9orf72_G_quadruplex
71,G4RIP76,5'-[GGGGCC]23-3',DHX30_HUMAN,Q7L2E3,DHX30_HUMAN,23381195,MFSLDSFRKDRAQHRQRQCKLPPPRLPPMCVNPTPGGTISRASRDLLKEFPQPKNLLNSVIGRALGISHAKDKLVYVHTNGPKKKKVTLHIKWPKSVEVEGYGSKKIDAERQAAAAACQLFKGWGLLGPRNELFDAAKYRVLADRFGSPADSWWRPEPTMPPTSWRQLNPESIRPGGPGGLSRSLGREEEEDEEEELEEGTIDVTDFLSMTQQDSHAPLRDSRGSSFEMTDDDSAIRALTQFPLPKNLLAKVIQIATSSSTAKNLMQFHTVGTKTKLSTLTLLWPCPMTFVAKGRRKAEAENKAAALACKKLKSLGLVDRNNEPLTHAMYNLASLRELGETQRRPCTIQVPEPILRKIETFLNHYPVESSWIAPELRLQSDDILPLGKDSGPLSDPITGKPYVPLLEAEEVRLSQSLLELWRRRGPVWQEAPQLPVDPHRDTILNAIEQHPVVVISGDTGCGKTTRIPQLLLERYVTEGRGARCNVIITQPRRISAVSVAQRVSHELGPSLRRNVGFQVRLESKPPSRGGALLFCTVGILLRKLQSNPSLEGVSHVIVDEVHERDVNTDFLLILLKGLQRLNPALRLVLMSATGDNERFSRYFGGCPVIKVPGFMYPVKEHYLEDILAKLGKHQYLHRHRHHESEDECALDLDLVTDLVLHIDARGEPGGILCFLPGWQEIKGVQQRLQEALGMHESKYLILPVHSNIPMMDQKAIFQQPPVGVRKIVLATNIAETSITINDIVHVVDSGLHKEERYDLKTKVSCLETVWVSRANVIQRRGRAGRCQSGFAYHLFPRSRLEKMVPFQVPEILRTPLENLVLQAKIHMPEKTAVEFLSKAVDSPNIKAVDEAVILLQEIGVLDQREYLTTLGQRLAHISTDPRLAKAIVLAAIFRCLHPLLVVVSCLTRDPFSSSLQNRAEVDKVKALLSHDSGSDHLAFVRAVAGWEEVLRWQDRSSRENYLEENLLYAPSLRFIHGLIKQFSENIYEAFLVGKPSDCTLASAQCNEYSEEEELVKGVLMAGLYPNLIQVRQGKVTRQGKFKPNSVTYRTKSGNILLHKSTINREATRLRSRWLTYFMAVKSNGSVFVRDSSQVHPLAVLLLTDGDVHIRDDGRRATISLSDSDLLRLEGDSRTVRLLKELRRALGRMVERSLRSELAALPPSVQEEHGQLLALLAELLRGPCGSFDVRKTADD,c9orf72_G_quadruplex
72,G4RIP77,5'-[GGGGCC]23-3',HNRPK_HUMAN,P61978,HNRPK_HUMAN,23381195,METEQPEETFPNTETNGEFGKRPAEDMEEEQAFKRSRNTDEMVELRILLQSKNAGAVIGKGGKNIKALRTDYNASVSVPDSSGPERILSISADIETIGEILKKIIPTLEEGLQLPSPTATSQLPLESDAVECLNYQHYKGSDFDCELRLLIHQSLAGGIIGVKGAKIKELRENTQTTIKLFQECCPHSTDRVVLIGGKPDRVVECIKIILDLISESPIKGRAQPYDPNFYDETYDYGGFTMMFDDRRGRPVGFPMRGRGGFDRMPPGRGGRPMPPSRRDYDDMSPRRGPPPPPPGRGGRGGSRARNLPLPPPPPPRGGDLMAYDRRGRPGDRYDGMVGFSADETWDSAIDTWSPSEWQMAYEPQGGSGYDYSYAGGRGSYGDLGGPIITTQVTIPKDLAGSIIGKGGQRIKQIRHESGASIKIDEPLEGSEDRIITITGTQDQIQNAQYLLQNSVKQYSGKFF,c9orf72_G_quadruplex
73,G4RIP78,5'-[GGGGCC]23-3',DDX21_HUMAN,Q9NR30,DDX21_HUMAN,23381195,MPGKLRSDAGLESDTAMKKGETLRKQTEEKEKKEKPKSDKTEEIAEEEETVFPKAKQVKKKAEPSEVDMNSPKSKKAKKKEEPSQNDISPKTKSLRKKKEPIEKKVVSSKTKKVTKNEEPSEEEIDAPKPKKMKKEKEMNGETREKSPKLKNGFPHPEPDCNPSEAASEESNSEIEQEIPVEQKEGAFSNFPISEETIKLLKGRGVTFLFPIQAKTFHHVYSGKDLIAQARTGTGKTFSFAIPLIEKLHGELQDRKRGRAPQVLVLAPTRELANQVSKDFSDITKKLSVACFYGGTPYGGQFERMRNGIDILVGTPGRIKDHIQNGKLDLTKLKHVVLDEVDQMLDMGFADQVEEILSVAYKKDSEDNPQTLLFSATCPHWVFNVAKKYMKSTYEQVDLIGKKTQKTAITVEHLAIKCHWTQRAAVIGDVIRVYSGHQGRTIIFCETKKEAQELSQNSAIKQDAQSLHGDIPQKQREITLKGFRNGSFGVLVATNVAARGLDIPEVDLVIQSSPPKDVESYIHRSGRTGRAGRTGVCICFYQHKEEYQLVQVEQKAGIKFKRIGVPSATEIIKASSKDAIRLLDSVPPTAISHFKQSAEKLIEEKGAVEALAAALAHISGATSVDQRSLINSNVGFVTMILQCSIEMPNISYAWKELKEQLGEEIDSKVKGMVFLKGKLGVCFDVPTASVTEIQEKWHDSRRWQLSVATEQPELEGPREGYGGFRGQREGSRGFRGQRDGNRRFRGQREGSRGPRGQRSGGGNKSNRSQNKGQKRSFSKAFGQ,c9orf72_G_quadruplex
74,G4RIP79,5'-[GGGGCC]23-3',FUS_HUMAN,P35637,FUS_HUMAN,23381195,MASNDYTQQATQSYGAYPTQPGQGYSQQSSQPYGQQSYSGYSQSTDTSGYGQSSYSSYGQSQNTGYGTQSTPQGYGSTGGYGSSQSSQSSYGQQSSYPGYGQQPAPSSTSGSYGSSSQSSSYGQPQSGSYSQQPSYGGQQQSYGQQQSYNPPQGYGQQNQYNSSSGGGGGGGGGGNYGQDQSSMSSGGGSGGGYGNQDQSGGGGSGGYGQQDRGGRGRGGSGGGGGGGGGGYNRSSGGYEPRGRGGGRGGRGGMGGSDRGGFNKFGGPRDQGSRHDSEQDNSDNNTIFVQGLGENVTIESVADYFKQIGIIKTNKKTGQPMINLYTDRETGKLKGEATVSFDDPPSAKAAIDWFDGKEFSGNPIKVSFATRRADFNRGGGNGRGGRGRGGPMGRGGYGGGGSGGGGRGGFPSGGGGGGGQQRAGDWKCPNPTCENMNFSWRNECNQCKAPKPDGPGGGPGGSHMGGNYGDDRRGGRGGYDRGGYRGRGGDRGGFRGGRGGGDRGGFGPGKMDSRGEHRQDRRERPY,c9orf72_G_quadruplex
75,G4RIP8,5'-[UUAGGGUUAGGGUUAGGGUUAGGGUUA]-3',TRF2,Q15554,TERF2_HUMAN,22780456,MAAGAGTAGPASGPGVVRDPAASQPRKRPGREGGEGARRSDTMAGGGGSSDGSGRAAGRRASRSSGRARRGRHEPGLGGPAERGAGEARLEEAVNRWVLKFYFHEALRAFRGSRYGDFRQIRDIMQALLVRPLGKEHTVSRLLRVMQCLSRIEEGENLDCSFDMEAELTPLESAINVLEMIKTEFTLTEAVVESSRKLVKEAAVIICIKNKEFEKASKILKKHMSKDPTTQKLRNDLLNIIREKNLAHPVIQNFSYETFQQKMLRFLESHLDDAEPYLLTMAKKALKSESAASSTGKEDKQPAPGPVEKPPREPARQLRNPPTTIGMMTLKAAFKTLSGAQDSEAAFAKLDQKDLVLPTQALPASPALKNKRPRKDENESSAPADGEGGSELQPKNKRMTISRLVLEEDSQSTEPSAGLNSSQEAASAPPSKPTVLNQPLPGEKNPKVPKGKWNSSNGVEEKETWVEEDELFQVQAAPDEDSTTNITKKQKWTVEESEWVKAGVQKYGEGNWAAISKNYPFVNRTAVMIKDRWRTMKRLGMN,TERRA_mut
76,G4RIP80,5'-[CGG]90-3',TADBP_HUMAN,Q13148,TADBP_HUMAN,24920338,MSEYIRVTEDENDEPIEIPSEDDGTVLLSTVTAQFPGACGLRYRNPVSQCMRGVRLVEGILHAPDAGWGNLVYVVNYPKDNKRKMDETDASSAVKVKRAVQKTSDLIVLGLPWKTTEQDLKEYFSTFGEVLMVQVKKDLKTGHSKGFGFVRFTEYETQVKVMSQRHMIDGRWCDCKLPNSKQSQDEPLRSRKVFVGRCTEDMTEDELREFFSQYGDVMDVFIPKPFRAFAFVTFADDQIAQSLCGEDLIIKGISVHISNAEPKHNSNRQLERSGRFGGNPGGFGNQGGFGNSRGGGAGLGNNQGSNMGGGMNFGAFSINPAMMAAAQAALQSSWGMMGMLASQQNQSGPSGNNQNQGNMQREPNQAFGSGNNSYSGSNSGAAIGWGSASNAGSGSGFNGGFGSSMDSKSSGWGM,CGG_Repeat
77,G4RIP9,5'-[UUAGGGUUAGGGUUAGGGUUAGGGUUA]-3',TRF2,Q15554,TERF2_HUMAN,22780456,MAAGAGTAGPASGPGVVRDPAASQPRKRPGREGGEGARRSDTMAGGGGSSDGSGRAAGRRASRSSGRARRGRHEPGLGGPAERGAGEARLEEAVNRWVLKFYFHEALRAFRGSRYGDFRQIRDIMQALLVRPLGKEHTVSRLLRVMQCLSRIEEGENLDCSFDMEAELTPLESAINVLEMIKTEFTLTEAVVESSRKLVKEAAVIICIKNKEFEKASKILKKHMSKDPTTQKLRNDLLNIIREKNLAHPVIQNFSYETFQQKMLRFLESHLDDAEPYLLTMAKKALKSESAASSTGKEDKQPAPGPVEKPPREPARQLRNPPTTIGMMTLKAAFKTLSGAQDSEAAFAKLDQKDLVLPTQALPASPALKNKRPRKDENESSAPADGEGGSELQPKNKRMTISRLVLEEDSQSTEPSAGLNSSQEAASAPPSKPTVLNQPLPGEKNPKVPKGKWNSSNGVEEKETWVEEDELFQVQAAPDEDSTTNITKKQKWTVEESEWVKAGVQKYGEGNWAAISKNYPFVNRTAVMIKDRWRTMKRLGMN,TERRA_lin
