,Interaction ID,Target_DNA_Sequence,Interacting_Protein_Name,UniProt-ID,UniProt-Entry name,Reference:PMID,ProtSeq_loc,DNA_Target_Name
0,G4DIP1,5'-[TTTTTGGGGACTTTCCAGGGAGGCGTGGCCTGGGCGGGTTTTT]-3',NCL(nucleolin),P19338,NUCL_HUMAN,26354862.0,MVKLAKAGKNQGDPKKMAPPPKEVEEDSEDEEMSEDEEDDSSGEEVVIPQKKGKKAAATSAKKVVVSPTKKVAVATPAKKAAVTPGKKAAATPAKKTVTPAKAVTTPGKKGATPGKALVATPGKKGAAIPAKGAKNGKNAKKEDSDEEEDDDSEEDEEDDEDEDEDEDEIEPAAMKAAAAAPASEDEDDEDDEDDEDDDDDEEDDSEEEAMETTPAKGKKAAKVVPVKAKNVAEDEDEEEDDEDEDDDDDEDDEDDDDEDDEEEEEEEEEEPVKEAPGKRKKEMAKQKAAPEAKKQKVEGTEPTTAFNLFVGNLNFNKSAPELKTGISDVFAKNDLAVVDVRIGMTRKFGYVDFESAEDLEKALELTGLKVFGNEIKLEKPKGKDSKKERDARTLLAKNLPYKVTQDELKEVFEDAAEIRLVSKDGKSKGIAYIEFKTEADAEKTFEEKQGTEIDGRSISLYYTGEKGQNQDYRGGKNSTWSGESKTLVLSNLSYSATEETLQEVFEKATFIKVPQNQNGKSKGYAFIEFASFEDAKEALNSCNKREIEGRAIRLELQGPRGSPNARSQPSKTLFVKGLSEDTTEETLKESFDGSVRARIVTDRETGSSKGFGFVDFNSEEDAKAAKEAMEDGEIDGNKVTLDWAKPKGEGGFGGRGGGRGGFGGRGGGRGGRGGFGGRGRGGFGGRGGFRGGRGGGGDHKPQGKKTKFE,LTR_II
1,G4DIP10,5'-[TGGCGACGGCAGCGAGGCCGGGCGGGCGCGAGGGAGGGG/iCy3/TTTTTTTTTTTTTTTTTTTT]-3',BLM Helicase(Bloom syndrome RecQ like helicase),P54132,BLM_HUMAN,25418155.0,MAAVPQNNLQEQLERHSARTLNNKLSLSKPKFSGFTFKKKTSSDNNVSVTNVSVAKTPVLRNKDVNVTEDFSFSEPLPNTTNQQRVKDFFKNAPAGQETQRGGSKSLLPDFLQTPKEVVCTTQNTPTVKKSRDTALKKLEFSSSPDSLSTINDWDDMDDFDTSETSKSFVTPPQSHFVRVSTAQKSKKGKRNFFKAQLYTTNTVKTDLPPPSSESEQIDLTEEQKDDSEWLSSDVICIDDGPIAEVHINEDAQESDSLKTHLEDERDNSEKKKNLEEAELHSTEKVPCIEFDDDDYDTDFVPPSPEEIISASSSSSKCLSTLKDLDTSDRKEDVLSTSKDLLSKPEKMSMQELNPETSTDCDARQISLQQQLIHVMEHICKLIDTIPDDKLKLLDCGNELLQQRNIRRKLLTEVDFNKSDASLLGSLWRYRPDSLDGPMEGDSCPTGNSMKELNFSHLPSNSVSPGDCLLTTTLGKTGFSATRKNLFERPLFNTHLQKSFVSSNWAETPRLGKKNESSYFPGNVLTSTAVKDQNKHTASINDLERETQPSYDIDNFDIDDFDDDDDWEDIMHNLAASKSSTAAYQPIKEGRPIKSVSERLSSAKTDCLPVSSTAQNINFSESIQNYTDKSAQNLASRNLKHERFQSLSFPHTKEMMKIFHKKFGLHNFRTNQLEAINAALLGEDCFILMPTGGGKSLCYQLPACVSPGVTVVISPLRSLIVDQVQKLTSLDIPATYLTGDKTDSEATNIYLQLSKKDPIIKLLYVTPEKICASNRLISTLENLYERKLLARFVIDEAHCVSQWGHDFRQDYKRMNMLRQKFPSVPVMALTATANPRVQKDILTQLKILRPQVFSMSFNRHNLKYYVLPKKPKKVAFDCLEWIRKHHPYDSGIIYCLSRRECDTMADTLQRDGLAALAYHAGLSDSARDEVQQKWINQDGCQVICATIAFGMGIDKPDVRFVIHASLPKSVEGYYQESGRAGRDGEISHCLLFYTYHDVTRLKRLIMMEKDGNHHTRETHFNNLYSMVHYCENITECRRIQLLAYFGENGFNPDFCKKHPDVSCDNCCKTKDYKTRDVTDDVKSIVRFVQEHSSSQGMRNIKHVGPSGRFTMNMLVDIFLGSKSAKIQSGIFGKGSAYSRHNAERLFKKLILDKILDEDLYINANDQAIAYVMLGNKAQTVLNGNLKVDFMETENSSSVKKQKALVAKVSQREEMVKKCLGELTEVCKSLGKVFGVHYFNIFNTVTLKKLAESLSSDPEVLLQIDGVTEDKLEKYGAEVISVLQKYSEWTSPAEDSSPGISLSSSRGPGRSAAEELDEEIPVSSHYFASKTRNERKRKKMPASQRSKRRKTASSGSKAKGGSATCRKISSKTKSSSIIGSSSASHTSQATSGANSKLGIMAPPKPINRPFLKPSYAFS,G4_forming_human_telomere
5,G4DIP103,repetitiveTTAGGG,telomeric repeat binding factor 2,Q15554,TERF2_HUMAN,16302000.0,MAAGAGTAGPASGPGVVRDPAASQPRKRPGREGGEGARRSDTMAGGGGSSDGSGRAAGRRASRSSGRARRGRHEPGLGGPAERGAGEARLEEAVNRWVLKFYFHEALRAFRGSRYGDFRQIRDIMQALLVRPLGKEHTVSRLLRVMQCLSRIEEGENLDCSFDMEAELTPLESAINVLEMIKTEFTLTEAVVESSRKLVKEAAVIICIKNKEFEKASKILKKHMSKDPTTQKLRNDLLNIIREKNLAHPVIQNFSYETFQQKMLRFLESHLDDAEPYLLTMAKKALKSESAASSTGKEDKQPAPGPVEKPPREPARQLRNPPTTIGMMTLKAAFKTLSGAQDSEAAFAKLDQKDLVLPTQALPASPALKNKRPRKDENESSAPADGEGGSELQPKNKRMTISRLVLEEDSQSTEPSAGLNSSQEAASAPPSKPTVLNQPLPGEKNPKVPKGKWNSSNGVEEKETWVEEDELFQVQAAPDEDSTTNITKKQKWTVEESEWVKAGVQKYGEGNWAAISKNYPFVNRTAVMIKDRWRTMKRLGMN,Telomeric_DNA_G_rich_duplex_sequences
6,G4DIP104,5'-[(GGTTAG)5]-3',tumor necrosis factor receptor superfamily member 4,P43489,TNR4_HUMAN,16445281.0,MCVGARRLGRGPCAALLLLGLGLSTVTGLHCVGDTYPSNDRCCHECRPGNGMVSRCSRSQNTVCRPCGPGFYNDVVSSKPCKPCTWCNLRSGSERKQLCTATQDTVCRCRAGTQPLDSYKPGVDCAPCPPGHFSPGDNQACKPWTNCTLAGKHTLQPASNSSDAICEDRDPPATQPQETQGPPARPITVQPTEAWPRTSQGPSTRPVEVPGGRAVAAILGLGLVLGLLGPLAILLALYLLRRDQRLPPDAHKPPGGGSFRTPIQEEQADAHSTLAKI,G_quadruplex_human_telomeric_sequence
7,G4DIP105,5'-[(GGTTAG)5]-3',early growth response 1,P18146,EGR1_HUMAN,16445281.0,MAAAKAEMQLMSPLQISDPFGSFPHSPTMDNYPKLEEMMLLSNGAPQFLGAAGAPEGSGSNSSSSSSGGGGGGGGGSNSSSSSSTFNPQADTGEQPYEHLTAESFPDISLNNEKVLVETSYPSQTTRLPPITYTGRFSLEPAPNSGNTLWPEPLFSLVSGLVSMTNPPASSSSAPSPAASSASASQSPPLSCAVPSNDSSPIYSAAPTFPTPNTDIFPEPQSQAFPGSAGTALQYPPPAYPAAKGGFQVPMIPDYLFPQQQGDLGLGTPDQKPFQGLESRTQQPSLTPLSTIKAFATQSGSQDLKALNTSYQSQLIKPSRMRKYPNRPSKTPPHERPYACPVESCDRRFSRSDELTRHIRIHTGQKPFQCRICMRNFSRSDHLTTHIRTHTGEKPFACDICGRKFARSDERKRHTKIHLRQKDKKADKSVVASSATSSLSSYPSPVATSYPSPVTTSYPSPATTSYPSPVPTSFSSPGSSTYPSPVHSGFPSPSVATTYSSVPPAFPAQVSSFPSSAVTNSFSASTGLSDMTATFSPRTIEIC,G_quadruplex_human_telomeric_sequence
8,G4DIP106,5'-[GGGTTAGGGTTAGGGTTAGGG]-3',replication protein A1,P27694,RFA1_HUMAN,16973897.0,MVGQLSEGAIAAIMQKGDTNIKPILQVINIRPITTGNSPPRYRLLMSDGLNTLSSFMLATQLNPLVEEEQLSSNCVCQIHRFIVNTLKDGRRVVILMELEVLKSAEAVGVKIGNPVPYNEGLGQPQVAPPAPAASPAASSRPQPQNGSSGMGSTVSKAYGASKTFGKAAGPSLSHTSGGTQSKVVPIASLTPYQSKWTICARVTNKSQIRTWSNSRGEGKLFSLELVDESGEIRATAFNEQVDKFFPLIEVNKVYYFSKGTLKIANKQFTAVKNDYEMTFNNETSVMPCEDDHHLPTVQFDFTGIDDLENKSKDSLVDIIGICKSYEDATKITVRSNNREVAKRNIYLMDTSGKVVTATLWGEDADKFDGSRQPVLAIKGARVSDFGGRSLSVLSSSTIIANPDIPEAYKLRGWFDAEGQALDGVSISDLKSGGVGGSNTNWKTLYEVKSENLGQGDKPDYFSSVATVVYLRKENCMYQACPTQDCNKKVIDQQNGLYRCEKCDTEFPNFKYRMILSVNIADFQENQWVTCFQESAEAILGQNAAYLGELKDKNEQAFEEVFQNANFRSFIFRVRVKVETYNDESRIKATVMDVKPVDYREYGRRLVMSIRRSALM,G_quadruplex_human_telomeric_sequence_htelo
10,G4DIP108,5'-[GGTTGGTGTGGTTGG ]-3',Pr55(Gag) [ Human immunodeficiency virus 1 ],P04591,GAG_HV1H2,16077025.0,MGARASVLSGGELDRWEKIRLRPGGKKKYKLKHIVWASRELERFAVNPGLLETSEGCRQILGQLQPSLQTGSEELRSLYNTVATLYCVHQRIEIKDTKEALDKIEEEQNKSKKKAQQAAADTGHSNQVSQNYPIVQNIQGQMVHQAISPRTLNAWVKVVEEKAFSPEVIPMFSALSEGATPQDLNTMLNTVGGHQAAMQMLKETINEEAAEWDRVHPVHAGPIAPGQMREPRGSDIAGTTSTLQEQIGWMTNNPPIPVGEIYKRWIILGLNKIVRMYSPTSILDIRQGPKEPFRDYVDRFYKTLRAEQASQEVKNWMTETLLVQNANPDCKTILKALGPAATLEEMMTACQGVGGPGHKARVLAEAMSQVTNSATIMMQRGNFRNQRKIVKCFNCGKEGHTARNCRAPRKKGCWKCGKEGHQMKDCTERQANFLGKIWPSYKGRPGNFLQSRPEPTAPPEESFRSGVETTTPPQKQEPIDKELYPLTSLRSLFGNDPSSQ,K_TBA_quadruplex
11,G4DIP109,5'-[GGTTGGTGTGGTTGG ]-3',Pr55(Gag) [ Human immunodeficiency virus 1 ],P04591,GAG_HV1H2,16077025.0,MGARASVLSGGELDRWEKIRLRPGGKKKYKLKHIVWASRELERFAVNPGLLETSEGCRQILGQLQPSLQTGSEELRSLYNTVATLYCVHQRIEIKDTKEALDKIEEEQNKSKKKAQQAAADTGHSNQVSQNYPIVQNIQGQMVHQAISPRTLNAWVKVVEEKAFSPEVIPMFSALSEGATPQDLNTMLNTVGGHQAAMQMLKETINEEAAEWDRVHPVHAGPIAPGQMREPRGSDIAGTTSTLQEQIGWMTNNPPIPVGEIYKRWIILGLNKIVRMYSPTSILDIRQGPKEPFRDYVDRFYKTLRAEQASQEVKNWMTETLLVQNANPDCKTILKALGPAATLEEMMTACQGVGGPGHKARVLAEAMSQVTNSATIMMQRGNFRNQRKIVKCFNCGKEGHTARNCRAPRKKGCWKCGKEGHQMKDCTERQANFLGKIWPSYKGRPGNFLQSRPEPTAPPEESFRSGVETTTPPQKQEPIDKELYPLTSLRSLFGNDPSSQ,Sr_TBA_quadruplex
12,G4DIP11,5'-[TGGACCAGACCTAGCAGCTATGGGGGAGCTGGGGAAGGTGGGAATGTGA ]-3',RecQL 4(RecQ like helicase 4),O94761,RECQ4_HUMAN,25336622.0,MERLRDVRERLQAWERAFRRQRGRRPSQDDVEAAPEETRALYREYRTLKRTTGQAGGGLRSSESLPAAAEEAPEPRCWGPHLNRAATKSPQSTPGRSRQGSVPDYGQRLKANLKGTLQAGPALGRRPWPLGRASSKASTPKPPGTGPVPSFAEKVSDEPPQLPEPQPRPGRLQHLQASLSQRLGSLDPGWLQRCHSEVPDFLGAPKACRPDLGSEESQLLIPGESAVLGPGAGSQGPEASAFQEVSIRVGSPQPSSSGGEKRRWNEEPWESPAQVQQESSQAGPPSEGAGAVAVEEDPPGEPVQAQPPQPCSSPSNPRYHGLSPSSQARAGKAEGTAPLHIFPRLARHDRGNYVRLNMKQKHYVRGRALRSRLLRKQAWKQKWRKKGECFGGGGATVTTKESCFLNEQFDHWAAQCPRPASEEDTDAVGPEPLVPSPQPVPEVPSLDPTVLPLYSLGPSGQLAETPAEVFQALEQLGHQAFRPGQERAVMRILSGISTLLVLPTGAGKSLCYQLPALLYSRRSPCLTLVVSPLLSLMDDQVSGLPPCLKAACIHSGMTRKQRESVLQKIRAAQVHVLMLTPEALVGAGGLPPAAQLPPVAFACIDEAHCLSQWSHNFRPCYLRVCKVLRERMGVHCFLGLTATATRRTASDVAQHLAVAEEPDLHGPAPVPTNLHLSVSMDRDTDQALLTLLQGKRFQNLDSIIIYCNRREDTERIAALLRTCLHAAWVPGSGGRAPKTTAEAYHAGMCSRERRRVQRAFMQGQLRVVVATVAFGMGLDRPDVRAVLHLGLPPSFESYVQAVGRAGRDGQPAHCHLFLQPQGEDLRELRRHVHADSTDFLAVKRLVQRVFPACTCTCTRPPSEQEGAVGGERPVPKYPPQEAEQLSHQAAPGPRRVCMGHERALPIQLTVQALDMPEEAIETLLCYLELHPHHWLELLATTYTHCRLNCPGGPAQLQALAHRCPPLAVCLAQQLPEDPGQGSSSVEFDMVKLVDSMGWELASVRRALCQLQWDHEPRTGVRRGTGVLVEFSELAFHLRSPGDLTAEEKDQICDFLYGRVQARERQALARLRRTFQAFHSVAFPSCGPCLEQQDEERSTRLKDLLGRYFEEEEGQEPGGMEDAQGPEPGQARLQDWEDQVRCDIRQFLSLRPEEKFSSRAVARIFHGIGSPCYPAQVYGQDRRFWRKYLHLSFHALVGLATEELLQVAR,G4_DNA
13,G4DIP110,5'-[[GGG(TTAGGG)3]-3',protection of telomeres 1,Q9NUX5,POTE1_HUMAN,16043710.0,MSLVPATNYIYTPLNQLKGGTIVNVYGVVKFFKPPYLSKGTDYCSVVTIVDQTNVKLTCLLFSGNYEALPIIYKNGDIVRFHRLKIQVYKKETQGITSSGFASLTFEGTLGAPIIPRTSSKYFNFTTEDHKMVEALRVWASTHMSPSWTLLKLCDVQPMQYFDLTCQLLGKAEVDGASFLLKVWDGTRTPFPSWRVLIQDLVLEGDLSHIHRLQNLTIDILVYDNHVHVARSLKVGSFLRIYSLHTKLQSMNSENQTMLSLEFHLHGGTSYGRGIRVLPESNSDVDQLKKDLESANLTANQHSDVICQSEPDDSFPSSGSVSLYEVERCQQLSATILTDHQYLERTPLCAILKQKAPQQYRIRAKLRSYKPRRLFQSVKLHCPKCHLLQEVPHEGDLDIIFQDGATKTPDVKLQNTSLYDSKIWTTKNQKGRKVAVHFVKNNGILPLSNECLLLIEGGTLSEICKLSNKFNSVIPVRSGHEDLELLDLSAPFLIQGTIHHYGCKQCSSLRSIQNLNSLVDKTSWIPSSVAEALGIVPLQYVFVMTFTLDDGTGVLEAYLMDSDKFFQIPASEVLMDDDLQKSVDMIMDMFCPPGIKIDAYPWLECFIKSYNVTNGTDNQICYQIFDTTVAEDVI,G_quadruplex_structures_in_telomeric_DNA
15,G4DIP112,5'-[(TTAGGG)]-3',nuclear transcription factor Y subunit alpha,P67809,YBOX1_HUMAN,9299414.0,MSSEAETQQPPAAPPAAPALSAADTKPGTTGSGAGSGGPGGLTSAAPAGGDKKVIATKVLGTVKWFNVRNGYGFINRNDTKEDVFVHQTAIKKNNPRKYLRSVGDGETVEFDVVEGEKGAEAANVTGPGGVPVQGSKYAADRNHYRRYPRRRGPPRNYQQNYQNSESGEKNEGSESAPEGQAQQRRPYRRRRFPPYYMRRPYGRRPQYSNPPVQGEVMEGADNQGAGEQGRPVRQNMYRGYRPRFRRGPPRQRQPREDGNEEDKENQGDETQGQQPPQRRYRRNFNYRRRRPENPKPQDGKETKAADPPAENSSAPEAEQGGAE,qTBP42_tetraplex_DNA
16,G4DIP113,5'-[(TTAGGG)]-3',,Q7M032,,9020172.0,GFGFILFK,Telomeres
21,G4DIP118,5'-[TA GGG TTA GGG TTA GGG TTA GGG TT]-3',nei like DNA glycosylase 1,Q96FI4,NEIL1_HUMAN,26117536.0,MPEGPELHLASQFVNEACRALVFGGCVEKSSVSRNPEVPFESSAYRISASARGKELRLILSPLPGAQPQQEPLALVFRFGMSGSFQLVPREELPRHAHLRFYTAPPGPRLALCFVDIRRFGRWDLGGKWQPGRGPCVLQEYQQFRENVLRNLADKAFDRPICEALLDQRFFNGIGNYLRAEILYRLKIPPFEKARSVLEALQQHRPSPELTLSQKIRTKLQNPDLLELCHSVPKEVVQLGGKGYGSESGEEDFAAFRAWLRCYGMPGMSSLQDRHGRTIWFQGDPGPLAPKGRKSRKKKSKATQLSPEDRVEDALPPSKAPSRTRRAKRDLPKRTATQRPEGTSLQQDPEAPTVPKKGRRKGRQAASGHCRPRKVKADIPSLEPEGTSAS,G_quadruplex_DNA
22,G4DIP119,5'-[TA GGG TTA GGG TTA GGG TTA GGG TT]-3',nei like DNA glycosylase 2,Q969S2,NEIL2_HUMAN,26117536.0,MPEGPLVRKFHHLVSPFVGQQVVKTGGSSKKLQPASLQSLWLQDTQVHGKKLFLRFDLDEEMGPPGSSPTPEPPQKEVQKEGAADPKQVGEPSGQKTLDGSSRSAELVPQGEDDSEYLERDAPAGDAGRWLRVSFGLFGSVWVNDFSRAKKANKRGDWRDPSPRLVLHFGGGGFLAFYNCQLSWSSSPVVTPTCDILSEKFHRGQALEALGQAQPVCYTLLDQRYFSGLGNIIKNEALYRAGIHPLSLGSVLSASRREVLVDHVVEFSTAWLQGKFQGRPQHTQVYQKEQCPAGHQVMKEAFGPEDGLQRLTWWCPQCQPQLSEEPEQCQFS,G_quadruplex_DNA
24,G4DIP120,5'-[TA GGG TTA GGG TTA GGG TTA GGG TT]-3',nei like DNA glycosylase 3,Q8TAT5,NEIL3_HUMAN,26117536.0,MVEGPGCTLNGEKIRARVLPGQAVTGVRGSALRSLQGRALRLAASTVVVSPQAAALNNDSSQNVLSLFNGYVYSGVETLGKELFMYFGPKALRIHFGMKGFIMINPLEYKYKNGASPVLEVQLTKDLICFFDSSVELRNSMESQQRIRMMKELDVCSPEFSFLRAESEVKKQKGRMLGDVLMDQNVLPGVGNIIKNEALFDSGLHPAVKVCQLTDEQIHHLMKMIRDFSILFYRCRKAGLALSKHYKVYKRPNCGQCHCRITVCRFGDNNRMTYFCPHCQKENPQHVDICKLPTRNTIISWTSSRVDHVMDSVARKSEEHWTCVVCTLINKPSSKACDACLTSRPIDSVLKSEENSTVFSHLMKYPCNTFGKPHTEVKINRKTAFGTTTLVLTDFSNKSSTLERKTKQNQILDEEFQNSPPASVCLNDIQHPSKKTTNDITQPSSKVNISPTISSESKLFSPAHKKPKTAQYSSPELKSCNPGYSNSELQINMTDGPRTLNPDSPRCSKHNRLCILRVVGKDGENKGRQFYACPLPREAQCGFFEWADLSFPFCNHGKRSTMKTVLKIGPNNGKNFFVCPLGKEKQCNFFQWAENGPGIKIIPGC,G_quadruplex_DNA
25,G4DIP121,5'-[(GGGT)4]-3',"topoisomerase I binding, arginine/serine-rich, E3 ubiquitin protein ligase",Q9NS56,TOPRS_HUMAN,26547071.0,MGSQPPLGSPLSREEGEAPPPAPASEGRRRSRRVRLRGSCRHRPSFLGCRELAASAPARPAPASSEIMASAAKEFKMDNFSPKAGTSKLQQTVPADASPDSKCPICLDRFDNVSYLDRCLHKFCFRCVQEWSKNKAECPLCKQPFDSIFHSVRAEDDFKEYVLRPSYNGSFVTPDRRFRYRTTLTRERNASVYSPSGPVNRRTTTPPDSGVLFEGLGISTRPRDVEIPQFMRQIAVRRPTTADERSLRKIQEQDIINFRRTLYRAGARVRNIEDGGRYRDISAEFFRRNPACLHRLVPWLKRELTVLFGAHGSLVNIVQHIIMSNVTRYDLESQAFVSDLRPFLLNRTEHFIHEFISFARSPFNMAAFDQHANYDCPAPSYEEGSHSDSSVITISPDEAETQELDINVATVSQAPWDDETPGPSYSSSEQVHVTMSSLLNTSDSSDEELVTGGATSQIQGVQTNDDLNNDSDDSSDNCVIVGFVKPLAERTPELVELSSDSEDLGSYEKMETVKTQEQEQSYSSGDSDVSRCSSPHSVLGKDEQINKGHCDSSTRIKSKKEEKRSTSLSSPRNLNSSVRGDRVYSPYNHRHRKRGRSRSSDSRSQSRSGHDQKNHRKHHGKKRMKSKRSRSRESSRPRGRRDKKRSRTRDSSWSRRSQTLSLSSESTSRSRSRSSDHGKRRSRSRNRDRYYLRNNYGSRYKWEYTYYSRNKDRDGYESSYRRRTLSRAHYSRQSSSPEFRVQSFSERTNARKKNNHSERKYYYYERHRSRSLSSNRSRTASTGTDRVRNEKPGGKRKYKTRHLEGTNEVAQPSREFASKAKDSHYQKSSSKLDGNYKNESDTFSDSRSSDRETKHKRRKRKTRSLSVEIVYEGKATDTTKHHKKKKKKHKKKHKKHHGDNASRSPVVITIDSDSDKDSEVKEDTECDNSGPQDPLQNEFLAPSLEPFETKDVVTIEAEFGVLDKECDIATLSNNLNNANKTVDNIPPLAASVEQTLDVREESTFVSDLENQPSNIVSLQTEPSRQLPSPRTSLMSVCLGRDCDMS,G4quadruplex
26,G4DIP122,5'-[(GGT)4]-3',"topoisomerase I binding, arginine/serine-rich, E3 ubiquitin protein ligase",Q9NS56,TOPRS_HUMAN,26547071.0,MGSQPPLGSPLSREEGEAPPPAPASEGRRRSRRVRLRGSCRHRPSFLGCRELAASAPARPAPASSEIMASAAKEFKMDNFSPKAGTSKLQQTVPADASPDSKCPICLDRFDNVSYLDRCLHKFCFRCVQEWSKNKAECPLCKQPFDSIFHSVRAEDDFKEYVLRPSYNGSFVTPDRRFRYRTTLTRERNASVYSPSGPVNRRTTTPPDSGVLFEGLGISTRPRDVEIPQFMRQIAVRRPTTADERSLRKIQEQDIINFRRTLYRAGARVRNIEDGGRYRDISAEFFRRNPACLHRLVPWLKRELTVLFGAHGSLVNIVQHIIMSNVTRYDLESQAFVSDLRPFLLNRTEHFIHEFISFARSPFNMAAFDQHANYDCPAPSYEEGSHSDSSVITISPDEAETQELDINVATVSQAPWDDETPGPSYSSSEQVHVTMSSLLNTSDSSDEELVTGGATSQIQGVQTNDDLNNDSDDSSDNCVIVGFVKPLAERTPELVELSSDSEDLGSYEKMETVKTQEQEQSYSSGDSDVSRCSSPHSVLGKDEQINKGHCDSSTRIKSKKEEKRSTSLSSPRNLNSSVRGDRVYSPYNHRHRKRGRSRSSDSRSQSRSGHDQKNHRKHHGKKRMKSKRSRSRESSRPRGRRDKKRSRTRDSSWSRRSQTLSLSSESTSRSRSRSSDHGKRRSRSRNRDRYYLRNNYGSRYKWEYTYYSRNKDRDGYESSYRRRTLSRAHYSRQSSSPEFRVQSFSERTNARKKNNHSERKYYYYERHRSRSLSSNRSRTASTGTDRVRNEKPGGKRKYKTRHLEGTNEVAQPSREFASKAKDSHYQKSSSKLDGNYKNESDTFSDSRSSDRETKHKRRKRKTRSLSVEIVYEGKATDTTKHHKKKKKKHKKKHKKHHGDNASRSPVVITIDSDSDKDSEVKEDTECDNSGPQDPLQNEFLAPSLEPFETKDVVTIEAEFGVLDKECDIATLSNNLNNANKTVDNIPPLAASVEQTLDVREESTFVSDLENQPSNIVSLQTEPSRQLPSPRTSLMSVCLGRDCDMS,G4quadruplex
27,G4DIP123,5'-[(CACTGGCC(GGGT)4TACCAGTG)]-3',"topoisomerase I binding, arginine/serine-rich, E3 ubiquitin protein ligase",Q9NS56,TOPRS_HUMAN,26547071.0,MGSQPPLGSPLSREEGEAPPPAPASEGRRRSRRVRLRGSCRHRPSFLGCRELAASAPARPAPASSEIMASAAKEFKMDNFSPKAGTSKLQQTVPADASPDSKCPICLDRFDNVSYLDRCLHKFCFRCVQEWSKNKAECPLCKQPFDSIFHSVRAEDDFKEYVLRPSYNGSFVTPDRRFRYRTTLTRERNASVYSPSGPVNRRTTTPPDSGVLFEGLGISTRPRDVEIPQFMRQIAVRRPTTADERSLRKIQEQDIINFRRTLYRAGARVRNIEDGGRYRDISAEFFRRNPACLHRLVPWLKRELTVLFGAHGSLVNIVQHIIMSNVTRYDLESQAFVSDLRPFLLNRTEHFIHEFISFARSPFNMAAFDQHANYDCPAPSYEEGSHSDSSVITISPDEAETQELDINVATVSQAPWDDETPGPSYSSSEQVHVTMSSLLNTSDSSDEELVTGGATSQIQGVQTNDDLNNDSDDSSDNCVIVGFVKPLAERTPELVELSSDSEDLGSYEKMETVKTQEQEQSYSSGDSDVSRCSSPHSVLGKDEQINKGHCDSSTRIKSKKEEKRSTSLSSPRNLNSSVRGDRVYSPYNHRHRKRGRSRSSDSRSQSRSGHDQKNHRKHHGKKRMKSKRSRSRESSRPRGRRDKKRSRTRDSSWSRRSQTLSLSSESTSRSRSRSSDHGKRRSRSRNRDRYYLRNNYGSRYKWEYTYYSRNKDRDGYESSYRRRTLSRAHYSRQSSSPEFRVQSFSERTNARKKNNHSERKYYYYERHRSRSLSSNRSRTASTGTDRVRNEKPGGKRKYKTRHLEGTNEVAQPSREFASKAKDSHYQKSSSKLDGNYKNESDTFSDSRSSDRETKHKRRKRKTRSLSVEIVYEGKATDTTKHHKKKKKKHKKKHKKHHGDNASRSPVVITIDSDSDKDSEVKEDTECDNSGPQDPLQNEFLAPSLEPFETKDVVTIEAEFGVLDKECDIATLSNNLNNANKTVDNIPPLAASVEQTLDVREESTFVSDLENQPSNIVSLQTEPSRQLPSPRTSLMSVCLGRDCDMS,G4quadruplex
28,G4DIP124,repetitive TTAGGG,telomeric repeat binding factor 2,Q15554,TERF2_HUMAN,22780456.0,MAAGAGTAGPASGPGVVRDPAASQPRKRPGREGGEGARRSDTMAGGGGSSDGSGRAAGRRASRSSGRARRGRHEPGLGGPAERGAGEARLEEAVNRWVLKFYFHEALRAFRGSRYGDFRQIRDIMQALLVRPLGKEHTVSRLLRVMQCLSRIEEGENLDCSFDMEAELTPLESAINVLEMIKTEFTLTEAVVESSRKLVKEAAVIICIKNKEFEKASKILKKHMSKDPTTQKLRNDLLNIIREKNLAHPVIQNFSYETFQQKMLRFLESHLDDAEPYLLTMAKKALKSESAASSTGKEDKQPAPGPVEKPPREPARQLRNPPTTIGMMTLKAAFKTLSGAQDSEAAFAKLDQKDLVLPTQALPASPALKNKRPRKDENESSAPADGEGGSELQPKNKRMTISRLVLEEDSQSTEPSAGLNSSQEAASAPPSKPTVLNQPLPGEKNPKVPKGKWNSSNGVEEKETWVEEDELFQVQAAPDEDSTTNITKKQKWTVEESEWVKAGVQKYGEGNWAAISKNYPFVNRTAVMIKDRWRTMKRLGMN,TERRA_wt
29,G4DIP125,repetitive TTAGGG,telomeric repeat binding factor 2,Q15554,TERF2_HUMAN,22780456.0,MAAGAGTAGPASGPGVVRDPAASQPRKRPGREGGEGARRSDTMAGGGGSSDGSGRAAGRRASRSSGRARRGRHEPGLGGPAERGAGEARLEEAVNRWVLKFYFHEALRAFRGSRYGDFRQIRDIMQALLVRPLGKEHTVSRLLRVMQCLSRIEEGENLDCSFDMEAELTPLESAINVLEMIKTEFTLTEAVVESSRKLVKEAAVIICIKNKEFEKASKILKKHMSKDPTTQKLRNDLLNIIREKNLAHPVIQNFSYETFQQKMLRFLESHLDDAEPYLLTMAKKALKSESAASSTGKEDKQPAPGPVEKPPREPARQLRNPPTTIGMMTLKAAFKTLSGAQDSEAAFAKLDQKDLVLPTQALPASPALKNKRPRKDENESSAPADGEGGSELQPKNKRMTISRLVLEEDSQSTEPSAGLNSSQEAASAPPSKPTVLNQPLPGEKNPKVPKGKWNSSNGVEEKETWVEEDELFQVQAAPDEDSTTNITKKQKWTVEESEWVKAGVQKYGEGNWAAISKNYPFVNRTAVMIKDRWRTMKRLGMN,TERRA_mut
30,G4DIP126,repetitive TTAGGG,telomeric repeat binding factor 2,Q15554,TERF2_HUMAN,22780456.0,MAAGAGTAGPASGPGVVRDPAASQPRKRPGREGGEGARRSDTMAGGGGSSDGSGRAAGRRASRSSGRARRGRHEPGLGGPAERGAGEARLEEAVNRWVLKFYFHEALRAFRGSRYGDFRQIRDIMQALLVRPLGKEHTVSRLLRVMQCLSRIEEGENLDCSFDMEAELTPLESAINVLEMIKTEFTLTEAVVESSRKLVKEAAVIICIKNKEFEKASKILKKHMSKDPTTQKLRNDLLNIIREKNLAHPVIQNFSYETFQQKMLRFLESHLDDAEPYLLTMAKKALKSESAASSTGKEDKQPAPGPVEKPPREPARQLRNPPTTIGMMTLKAAFKTLSGAQDSEAAFAKLDQKDLVLPTQALPASPALKNKRPRKDENESSAPADGEGGSELQPKNKRMTISRLVLEEDSQSTEPSAGLNSSQEAASAPPSKPTVLNQPLPGEKNPKVPKGKWNSSNGVEEKETWVEEDELFQVQAAPDEDSTTNITKKQKWTVEESEWVKAGVQKYGEGNWAAISKNYPFVNRTAVMIKDRWRTMKRLGMN,TERRA_lin
31,G4DIP127,5'-[TTAGGG]n-3',Transcriptional regulator ATRX,P46100,ATRX_HUMAN,25452430.0,MTAEPMSESKLNTLVQKLHDFLAHSSEESEETSSPPRLAMNQNTDKISGSGSNSDMMENSKEEGTSSSEKSKSSGSSRSKRKPSIVTKYVESDDEKPLDDETVNEDASNENSENDITMQSLPKGTVIVQPEPVLNEDKDDFKGPEFRSRSKMKTENLKKRGEDGLHGIVSCTACGQQVNHFQKDSIYRHPSLQVLICKNCFKYYMSDDISRDSDGMDEQCRWCAEGGNLICCDFCHNAFCKKCILRNLGRKELSTIMDENNQWYCYICHPEPLLDLVTACNSVFENLEQLLQQNKKKIKVDSEKSNKVYEHTSRFSPKKTSSNCNGEEKKLDDSCSGSVTYSYSALIVPKEMIKKAKKLIETTANMNSSYVKFLKQATDNSEISSATKLRQLKAFKSVLADIKKAHLALEEDLNSEFRAMDAVNKEKNTKEHKVIDAKFETKARKGEKPCALEKKDISKSEAKLSRKQVDSEHMHQNVPTEEQRTNKSTGGEHKKSDRKEEPQYEPANTSEDLDMDIVSVPSSVPEDIFENLETAMEVQSSVDHQGDGSSGTEQEVESSSVKLNISSKDNRGGIKSKTTAKVTKELYVKLTPVSLSNSPIKGADCQEVPQDKDGYKSCGLNPKLEKCGLGQENSDNEHLVENEVSLLLEESDLRRSPRVKTTPLRRPTETNPVTSNSDEECNETVKEKQKLSVPVRKKDKRNSSDSAIDNPKPNKLPKSKQSETVDQNSDSDEMLAILKEVSRMSHSSSSDTDINEIHTNHKTLYDLKTQAGKDDKGKRKRKSSTSGSDFDTKKGKSAKSSIISKKKRQTQSESSNYDSELEKEIKSMSKIGAARTTKKRIPNTKDFDSSEDEKHSKKGMDNQGHKNLKTSQEGSSDDAERKQERETFSSAEGTVDKDTTIMELRDRLPKKQQASASTDGVDKLSGKEESFTSLEVRKVAETKEKSKHLKTKTCKKVQDGLSDIAEKFLKKDQSDETSEDDKKQSKKGTEEKKKPSDFKKKVIKMEQQYESSSDGTEKLPEREEICHFPKGIKQIKNGTTDGEKKSKKIRDKTSKKKDELSDYAEKSTGKGDSCDSSEDKKSKNGAYGREKKRCKLLGKSSRKRQDCSSSDTEKYSMKEDGCNSSDKRLKRIELRERRNLSSKRNTKEIQSGSSSSDAEESSEDNKKKKQRTSSKKKAVIVKEKKRNSLRTSTKRKQADITSSSSSDIEDDDQNSIGEGSSDEQKIKPVTENLVLSSHTGFCQSSGDEALSKSVPVTVDDDDDDNDPENRIAKKMLLEEIKANLSSDEDGSSDDEPEEGKKRTGKQNEENPGDEEAKNQVNSESDSDSEESKKPRYRHRLLRHKLTVSDGESGEEKKTKPKEHKEVKGRNRRKVSSEDSEDSDFQESGVSEEVSESEDEQRPRTRSAKKAELEENQRSYKQKKKRRRIKVQEDSSSENKSNSEEEEEEKEEEEEEEEEEEEEEEDENDDSKSPGKGRKKIRKILKDDKLRTETQNALKEEEERRKRIAEREREREKLREVIEIEDASPTKCPITTKLVLDEDEETKEPLVQVHRNMVIKLKPHQVDGVQFMWDCCCESVKKTKKSPGSGCILAHCMGLGKTLQVVSFLHTVLLCDKLDFSTALVVCPLNTALNWMNEFEKWQEGLKDDEKLEVSELATVKRPQERSYMLQRWQEDGGVMIIGYEMYRNLAQGRNVKSRKLKEIFNKALVDPGPDFVVCDEGHILKNEASAVSKAMNSIRSRRRIILTGTPLQNNLIEYHCMVNFIKENLLGSIKEFRNRFINPIQNGQCADSTMVDVRVMKKRAHILYEMLAGCVQRKDYTALTKFLPPKHEYVLAVRMTSIQCKLYQYYLDHLTGVGNNSEGGRGKAGAKLFQDFQMLSRIWTHPWCLQLDYISKENKGYFDEDSMDEFIASDSDETSMSLSSDDYTKKKKKGKKGKKDSSSSGSGSDNDVEVIKVWNSRSRGGGEGNVDETGNNPSVSLKLEESKATSSSNPSSPAPDWYKDFVTDADAEVLEHSGKMVLLFEILRMAEEIGDKVLVFSQSLISLDLIEDFLELASREKTEDKDKPLIYKGEGKWLRNIDYYRLDGSTTAQSRKKWAEEFNDETNVRGRLFIISTKAGSLGINLVAANRVIIFDASWNPSYDIQSIFRVYRFGQTKPVYVYRFLAQGTMEDKIYDRQVTKQSLSFRVVDQQQVERHFTMNELTELYTFEPDLLDDPNSEKKKKRDTPMLPKDTILAELLQIHKEHIVGYHEHDSLLDHKEEEELTEEERKAAWAEYEAEKKGLTMRFNIPTGTNLPPVSFNSQTPYIPFNLGALSAMSNQQLEDLINQGREKVVEATNSVTAVRIQPLEDIISAVWKENMNLSEAQVQALALSRQASQELDVKRREAIYNDVLTKQQMLISCVQRILMNRRLQQQYNQQQQQQMTYQQATLGHLMMPKPPNLIMNPSNYQQIDMRGMYQPVAGGMQPPPLQRAPPPMRSKNPGPSQGKSM,guanine_rich_DNA_sequences_of_Neuroligin_4__Nlgn4_gene_and_Telomeric_tandem_repeat
32,G4DIP128,5'-[GGGCGGGCTAGGGGCGGGGCGCGGGTGGG]-3',DNA methyltransferase 1,P26358,DNMT1_HUMAN,27468168.0,MPARTAPARVPTLAVPAISLPDDVRRRLKDLERDSLTEKECVKEKLNLLHEFLQTEIKNQLCDLETKLRKEELSEEGYLAKVKSLLNKDLSLENGAHAYNREVNGRLENGNQARSEARRVGMADANSPPKPLSKPRTPRRSKSDGEAKPEPSPSPRITRKSTRQTTITSHFAKGPAKRKPQEESERAKSDESIKEEDKDQDEKRRRVTSRERVARPLPAEEPERAKSGTRTEKEEERDEKEEKRLRSQTKEPTPKQKLKEEPDREARAGVQADEDEDGDEKDEKKHRSQPKDLAAKRRPEEKEPEKVNPQISDEKDEDEKEEKRRKTTPKEPTEKKMARAKTVMNSKTHPPKCIQCGQYLDDPDLKYGQHPPDAVDEPQMLTNEKLSIFDANESGFESYEALPQHKLTCFSVYCKHGHLCPIDTGLIEKNIELFFSGSAKPIYDDDPSLEGGVNGKNLGPINEWWITGFDGGEKALIGFSTSFAEYILMDPSPEYAPIFGLMQEKIYISKIVVEFLQSNSDSTYEDLINKIETTVPPSGLNLNRFTEDSLLRHAQFVVEQVESYDEAGDSDEQPIFLTPCMRDLIKLAGVTLGQRRAQARRQTIRHSTREKDRGPTKATTTKLVYQIFDTFFAEQIEKDDREDKENAFKRRRCGVCEVCQQPECGKCKACKDMVKFGGSGRSKQACQERRCPNMAMKEADDDEEVDDNIPEMPSPKKMHQGKKKKQNKNRISWVGEAVKTDGKKSYYKKVCIDAETLEVGDCVSVIPDDSSKPLYLARVTALWEDSSNGQMFHAHWFCAGTDTVLGATSDPLELFLVDECEDMQLSYIHSKVKVIYKAPSENWAMEGGMDPESLLEGDDGKTYFYQLWYDQDYARFESPPKTQPTEDNKFKFCVSCARLAEMRQKEIPRVLEQLEDLDSRVLYYSATKNGILYRVGDGVYLPPEAFTFNIKLSSPVKRPRKEPVDEDLYPEHYRKYSDYIKGSNLDAPEPYRIGRIKEIFCPKKSNGRPNETDIKIRVNKFYRPENTHKSTPASYHADINLLYWSDEEAVVDFKAVQGRCTVEYGEDLPECVQVYSMGGPNRFYFLEAYNAKSKSFEDPPNHARSPGNKGKGKGKGKGKPKSQACEPSEPEIEIKLPKLRTLDVFSGCGGLSEGFHQAGISDTLWAIEMWDPAAQAFRLNNPGSTVFTEDCNILLKLVMAGETTNSRGQRLPQKGDVEMLCGGPPCQGFSGMNRFNSRTYSKFKNSLVVSFLSYCDYYRPRFFLLENVRNFVSFKRSMVLKLTLRCLVRMGYQCTFGVLQAGQYGVAQTRRRAIILAAAPGEKLPLFPEPLHVFAPRACQLSVVVDDKKFVSNITRLSSGPFRTITVRDTMSDLPEVRNGASALEISYNGEPQSWFQRQLRGAQYQPILRDHICKDMSALVAARMRHIPLAPGSDWRDLPNIEVRLSDGTMARKLRYTHHDRKNGRSSSGALRGVCSCVEAGKACDPAARQFNTLIPWCLPHTGNRHNHWAGLYGRLEWDGFFSTTVTNPEPMGKQGRVLHPEQHRVVSVRECARSQGFPDTYRLFGNILDKHRQVGNAVPPPLAKAIGLEIKLCMLAKARESASAKIKEEEAAKD,MEST
33,G4DIP129,5'-[GGGCGGGCTAGGGGCGGGGCGCGGGTGGG]-3',DNA methyltransferase 3 alpha,Q9Y6K1,DNM3A_HUMAN,27468168.0,MPAMPSSGPGDTSSSAAEREEDRKDGEEQEEPRGKEERQEPSTTARKVGRPGRKRKHPPVESGDTPKDPAVISKSPSMAQDSGASELLPNGDLEKRSEPQPEEGSPAGGQKGGAPAEGEGAAETLPEASRAVENGCCTPKEGRGAPAEAGKEQKETNIESMKMEGSRGRLRGGLGWESSLRQRPMPRLTFQAGDPYYISKRKRDEWLARWKREAEKKAKVIAGMNAVEENQGPGESQKVEEASPPAVQQPTDPASPTVATTPEPVGSDAGDKNATKAGDDEPEYEDGRGFGIGELVWGKLRGFSWWPGRIVSWWMTGRSRAAEGTRWVMWFGDGKFSVVCVEKLMPLSSFCSAFHQATYNKQPMYRKAIYEVLQVASSRAGKLFPVCHDSDESDTAKAVEVQNKPMIEWALGGFQPSGPKGLEPPEEEKNPYKEVYTDMWVEPEAAAYAPPPPAKKPRKSTAEKPKVKEIIDERTRERLVYEVRQKCRNIEDICISCGSLNVTLEHPLFVGGMCQNCKNCFLECAYQYDDDGYQSYCTICCGGREVLMCGNNNCCRCFCVECVDLLVGPGAAQAAIKEDPWNCYMCGHKGTYGLLRRREDWPSRLQMFFANNHDQEFDPPKVYPPVPAEKRKPIRVLSLFDGIATGLLVLKDLGIQVDRYIASEVCEDSITVGMVRHQGKIMYVGDVRSVTQKHIQEWGPFDLVIGGSPCNDLSIVNPARKGLYEGTGRLFFEFYRLLHDARPKEGDDRPFFWLFENVVAMGVSDKRDISRFLESNPVMIDAKEVSAAHRARYFWGNLPGMNRPLASTVNDKLELQECLEHGRIAKFSKVRTITTRSNSIKQGKDQHFPVFMNEKEDILWCTEMERVFGFPVHYTDVSNMSRLARQRLLGRSWSVPVIRHLFAPLKEYFACV,MEST
35,G4DIP130,5'-[GGGCGGGCTAGGGGCGGGGCGCGGGTGGG]-3',DNA methyltransferase 3 beta,Q9UBC3,DNM3B_HUMAN,27468168.0,MKGDTRHLNGEEDAGGREDSILVNGACSDQSSDSPPILEAIRTPEIRGRRSSSRLSKREVSSLLSYTQDLTGDGDGEDGDGSDTPVMPKLFRETRTRSESPAVRTRNNNSVSSRERHRPSPRSTRGRQGRNHVDESPVEFPATRSLRRRATASAGTPWPSPPSSYLTIDLTDDTEDTHGTPQSSSTPYARLAQDSQQGGMESPQVEADSGDGDSSEYQDGKEFGIGDLVWGKIKGFSWWPAMVVSWKATSKRQAMSGMRWVQWFGDGKFSEVSADKLVALGLFSQHFNLATFNKLVSYRKAMYHALEKARVRAGKTFPSSPGDSLEDQLKPMLEWAHGGFKPTGIEGLKPNNTQPVVNKSKVRRAGSRKLESRKYENKTRRRTADDSATSDYCPAPKRLKTNCYNNGKDRGDEDQSREQMASDVANNKSSLEDGCLSCGRKNPVSFHPLFEGGLCQTCRDRFLELFYMYDDDGYQSYCTVCCEGRELLLCSNTSCCRCFCVECLEVLVGTGTAAEAKLQEPWSCYMCLPQRCHGVLRRRKDWNVRLQAFFTSDTGLEYEAPKLYPAIPAARRRPIRVLSLFDGIATGYLVLKELGIKVGKYVASEVCEESIAVGTVKHEGNIKYVNDVRNITKKNIEEWGPFDLVIGGSPCNDLSNVNPARKGLYEGTGRLFFEFYHLLNYSRPKEGDDRPFFWMFENVVAMKVGDKRDISRFLECNPVMIDAIKVSAAHRARYFWGNLPGMNRPVIASKNDKLELQDCLEYNRIAKLKKVQTITTKSNSIKQGKNQLFPVVMNGKEDVLWCTELERIFGFPVHYTDVSNMGRGARQKLLGRSWSVPVIRHLFAPLKDYFACE,MEST
36,G4DIP131,5'-[GGGGGCCGGGCCGCGGCGGGGCGGGGCAGCGGGG]-3',DNA methyltransferase 1,P26358,DNMT1_HUMAN,27468168.0,MPARTAPARVPTLAVPAISLPDDVRRRLKDLERDSLTEKECVKEKLNLLHEFLQTEIKNQLCDLETKLRKEELSEEGYLAKVKSLLNKDLSLENGAHAYNREVNGRLENGNQARSEARRVGMADANSPPKPLSKPRTPRRSKSDGEAKPEPSPSPRITRKSTRQTTITSHFAKGPAKRKPQEESERAKSDESIKEEDKDQDEKRRRVTSRERVARPLPAEEPERAKSGTRTEKEEERDEKEEKRLRSQTKEPTPKQKLKEEPDREARAGVQADEDEDGDEKDEKKHRSQPKDLAAKRRPEEKEPEKVNPQISDEKDEDEKEEKRRKTTPKEPTEKKMARAKTVMNSKTHPPKCIQCGQYLDDPDLKYGQHPPDAVDEPQMLTNEKLSIFDANESGFESYEALPQHKLTCFSVYCKHGHLCPIDTGLIEKNIELFFSGSAKPIYDDDPSLEGGVNGKNLGPINEWWITGFDGGEKALIGFSTSFAEYILMDPSPEYAPIFGLMQEKIYISKIVVEFLQSNSDSTYEDLINKIETTVPPSGLNLNRFTEDSLLRHAQFVVEQVESYDEAGDSDEQPIFLTPCMRDLIKLAGVTLGQRRAQARRQTIRHSTREKDRGPTKATTTKLVYQIFDTFFAEQIEKDDREDKENAFKRRRCGVCEVCQQPECGKCKACKDMVKFGGSGRSKQACQERRCPNMAMKEADDDEEVDDNIPEMPSPKKMHQGKKKKQNKNRISWVGEAVKTDGKKSYYKKVCIDAETLEVGDCVSVIPDDSSKPLYLARVTALWEDSSNGQMFHAHWFCAGTDTVLGATSDPLELFLVDECEDMQLSYIHSKVKVIYKAPSENWAMEGGMDPESLLEGDDGKTYFYQLWYDQDYARFESPPKTQPTEDNKFKFCVSCARLAEMRQKEIPRVLEQLEDLDSRVLYYSATKNGILYRVGDGVYLPPEAFTFNIKLSSPVKRPRKEPVDEDLYPEHYRKYSDYIKGSNLDAPEPYRIGRIKEIFCPKKSNGRPNETDIKIRVNKFYRPENTHKSTPASYHADINLLYWSDEEAVVDFKAVQGRCTVEYGEDLPECVQVYSMGGPNRFYFLEAYNAKSKSFEDPPNHARSPGNKGKGKGKGKGKPKSQACEPSEPEIEIKLPKLRTLDVFSGCGGLSEGFHQAGISDTLWAIEMWDPAAQAFRLNNPGSTVFTEDCNILLKLVMAGETTNSRGQRLPQKGDVEMLCGGPPCQGFSGMNRFNSRTYSKFKNSLVVSFLSYCDYYRPRFFLLENVRNFVSFKRSMVLKLTLRCLVRMGYQCTFGVLQAGQYGVAQTRRRAIILAAAPGEKLPLFPEPLHVFAPRACQLSVVVDDKKFVSNITRLSSGPFRTITVRDTMSDLPEVRNGASALEISYNGEPQSWFQRQLRGAQYQPILRDHICKDMSALVAARMRHIPLAPGSDWRDLPNIEVRLSDGTMARKLRYTHHDRKNGRSSSGALRGVCSCVEAGKACDPAARQFNTLIPWCLPHTGNRHNHWAGLYGRLEWDGFFSTTVTNPEPMGKQGRVLHPEQHRVVSVRECARSQGFPDTYRLFGNILDKHRQVGNAVPPPLAKAIGLEIKLCMLAKARESASAKIKEEEAAKD,CDKN1C
37,G4DIP132,5'-[GGGGGCCGGGCCGCGGCGGGGCGGGGCAGCGGGG]-3',DNA methyltransferase 3 alpha,Q9Y6K1,DNM3A_HUMAN,27468168.0,MPAMPSSGPGDTSSSAAEREEDRKDGEEQEEPRGKEERQEPSTTARKVGRPGRKRKHPPVESGDTPKDPAVISKSPSMAQDSGASELLPNGDLEKRSEPQPEEGSPAGGQKGGAPAEGEGAAETLPEASRAVENGCCTPKEGRGAPAEAGKEQKETNIESMKMEGSRGRLRGGLGWESSLRQRPMPRLTFQAGDPYYISKRKRDEWLARWKREAEKKAKVIAGMNAVEENQGPGESQKVEEASPPAVQQPTDPASPTVATTPEPVGSDAGDKNATKAGDDEPEYEDGRGFGIGELVWGKLRGFSWWPGRIVSWWMTGRSRAAEGTRWVMWFGDGKFSVVCVEKLMPLSSFCSAFHQATYNKQPMYRKAIYEVLQVASSRAGKLFPVCHDSDESDTAKAVEVQNKPMIEWALGGFQPSGPKGLEPPEEEKNPYKEVYTDMWVEPEAAAYAPPPPAKKPRKSTAEKPKVKEIIDERTRERLVYEVRQKCRNIEDICISCGSLNVTLEHPLFVGGMCQNCKNCFLECAYQYDDDGYQSYCTICCGGREVLMCGNNNCCRCFCVECVDLLVGPGAAQAAIKEDPWNCYMCGHKGTYGLLRRREDWPSRLQMFFANNHDQEFDPPKVYPPVPAEKRKPIRVLSLFDGIATGLLVLKDLGIQVDRYIASEVCEDSITVGMVRHQGKIMYVGDVRSVTQKHIQEWGPFDLVIGGSPCNDLSIVNPARKGLYEGTGRLFFEFYRLLHDARPKEGDDRPFFWLFENVVAMGVSDKRDISRFLESNPVMIDAKEVSAAHRARYFWGNLPGMNRPLASTVNDKLELQECLEHGRIAKFSKVRTITTRSNSIKQGKDQHFPVFMNEKEDILWCTEMERVFGFPVHYTDVSNMSRLARQRLLGRSWSVPVIRHLFAPLKEYFACV,CDKN1C
38,G4DIP133,5'-[GGGGGCCGGGCCGCGGCGGGGCGGGGCAGCGGGG]-3',DNA methyltransferase 3 beta,Q9UBC3,DNM3B_HUMAN,27468168.0,MKGDTRHLNGEEDAGGREDSILVNGACSDQSSDSPPILEAIRTPEIRGRRSSSRLSKREVSSLLSYTQDLTGDGDGEDGDGSDTPVMPKLFRETRTRSESPAVRTRNNNSVSSRERHRPSPRSTRGRQGRNHVDESPVEFPATRSLRRRATASAGTPWPSPPSSYLTIDLTDDTEDTHGTPQSSSTPYARLAQDSQQGGMESPQVEADSGDGDSSEYQDGKEFGIGDLVWGKIKGFSWWPAMVVSWKATSKRQAMSGMRWVQWFGDGKFSEVSADKLVALGLFSQHFNLATFNKLVSYRKAMYHALEKARVRAGKTFPSSPGDSLEDQLKPMLEWAHGGFKPTGIEGLKPNNTQPVVNKSKVRRAGSRKLESRKYENKTRRRTADDSATSDYCPAPKRLKTNCYNNGKDRGDEDQSREQMASDVANNKSSLEDGCLSCGRKNPVSFHPLFEGGLCQTCRDRFLELFYMYDDDGYQSYCTVCCEGRELLLCSNTSCCRCFCVECLEVLVGTGTAAEAKLQEPWSCYMCLPQRCHGVLRRRKDWNVRLQAFFTSDTGLEYEAPKLYPAIPAARRRPIRVLSLFDGIATGYLVLKELGIKVGKYVASEVCEESIAVGTVKHEGNIKYVNDVRNITKKNIEEWGPFDLVIGGSPCNDLSNVNPARKGLYEGTGRLFFEFYHLLNYSRPKEGDDRPFFWMFENVVAMKVGDKRDISRFLECNPVMIDAIKVSAAHRARYFWGNLPGMNRPVIASKNDKLELQDCLEYNRIAKLKKVQTITTKSNSIKQGKNQLFPVVMNGKEDVLWCTELERIFGFPVHYTDVSNMGRGARQKLLGRSWSVPVIRHLFAPLKDYFACE,CDKN1C
39,G4DIP134,5'-[TGGGGAGGGTGGGGAGGGTGGGGAAGG]-3',DNA methyltransferase 1,P26358,DNMT1_HUMAN,27468168.0,MPARTAPARVPTLAVPAISLPDDVRRRLKDLERDSLTEKECVKEKLNLLHEFLQTEIKNQLCDLETKLRKEELSEEGYLAKVKSLLNKDLSLENGAHAYNREVNGRLENGNQARSEARRVGMADANSPPKPLSKPRTPRRSKSDGEAKPEPSPSPRITRKSTRQTTITSHFAKGPAKRKPQEESERAKSDESIKEEDKDQDEKRRRVTSRERVARPLPAEEPERAKSGTRTEKEEERDEKEEKRLRSQTKEPTPKQKLKEEPDREARAGVQADEDEDGDEKDEKKHRSQPKDLAAKRRPEEKEPEKVNPQISDEKDEDEKEEKRRKTTPKEPTEKKMARAKTVMNSKTHPPKCIQCGQYLDDPDLKYGQHPPDAVDEPQMLTNEKLSIFDANESGFESYEALPQHKLTCFSVYCKHGHLCPIDTGLIEKNIELFFSGSAKPIYDDDPSLEGGVNGKNLGPINEWWITGFDGGEKALIGFSTSFAEYILMDPSPEYAPIFGLMQEKIYISKIVVEFLQSNSDSTYEDLINKIETTVPPSGLNLNRFTEDSLLRHAQFVVEQVESYDEAGDSDEQPIFLTPCMRDLIKLAGVTLGQRRAQARRQTIRHSTREKDRGPTKATTTKLVYQIFDTFFAEQIEKDDREDKENAFKRRRCGVCEVCQQPECGKCKACKDMVKFGGSGRSKQACQERRCPNMAMKEADDDEEVDDNIPEMPSPKKMHQGKKKKQNKNRISWVGEAVKTDGKKSYYKKVCIDAETLEVGDCVSVIPDDSSKPLYLARVTALWEDSSNGQMFHAHWFCAGTDTVLGATSDPLELFLVDECEDMQLSYIHSKVKVIYKAPSENWAMEGGMDPESLLEGDDGKTYFYQLWYDQDYARFESPPKTQPTEDNKFKFCVSCARLAEMRQKEIPRVLEQLEDLDSRVLYYSATKNGILYRVGDGVYLPPEAFTFNIKLSSPVKRPRKEPVDEDLYPEHYRKYSDYIKGSNLDAPEPYRIGRIKEIFCPKKSNGRPNETDIKIRVNKFYRPENTHKSTPASYHADINLLYWSDEEAVVDFKAVQGRCTVEYGEDLPECVQVYSMGGPNRFYFLEAYNAKSKSFEDPPNHARSPGNKGKGKGKGKGKPKSQACEPSEPEIEIKLPKLRTLDVFSGCGGLSEGFHQAGISDTLWAIEMWDPAAQAFRLNNPGSTVFTEDCNILLKLVMAGETTNSRGQRLPQKGDVEMLCGGPPCQGFSGMNRFNSRTYSKFKNSLVVSFLSYCDYYRPRFFLLENVRNFVSFKRSMVLKLTLRCLVRMGYQCTFGVLQAGQYGVAQTRRRAIILAAAPGEKLPLFPEPLHVFAPRACQLSVVVDDKKFVSNITRLSSGPFRTITVRDTMSDLPEVRNGASALEISYNGEPQSWFQRQLRGAQYQPILRDHICKDMSALVAARMRHIPLAPGSDWRDLPNIEVRLSDGTMARKLRYTHHDRKNGRSSSGALRGVCSCVEAGKACDPAARQFNTLIPWCLPHTGNRHNHWAGLYGRLEWDGFFSTTVTNPEPMGKQGRVLHPEQHRVVSVRECARSQGFPDTYRLFGNILDKHRQVGNAVPPPLAKAIGLEIKLCMLAKARESASAKIKEEEAAKD,C_MYC
40,G4DIP135,5'-[TGGGGAGGGTGGGGAGGGTGGGGAAGG]-3',DNA methyltransferase 3 alpha,Q9Y6K1,DNM3A_HUMAN,27468168.0,MPAMPSSGPGDTSSSAAEREEDRKDGEEQEEPRGKEERQEPSTTARKVGRPGRKRKHPPVESGDTPKDPAVISKSPSMAQDSGASELLPNGDLEKRSEPQPEEGSPAGGQKGGAPAEGEGAAETLPEASRAVENGCCTPKEGRGAPAEAGKEQKETNIESMKMEGSRGRLRGGLGWESSLRQRPMPRLTFQAGDPYYISKRKRDEWLARWKREAEKKAKVIAGMNAVEENQGPGESQKVEEASPPAVQQPTDPASPTVATTPEPVGSDAGDKNATKAGDDEPEYEDGRGFGIGELVWGKLRGFSWWPGRIVSWWMTGRSRAAEGTRWVMWFGDGKFSVVCVEKLMPLSSFCSAFHQATYNKQPMYRKAIYEVLQVASSRAGKLFPVCHDSDESDTAKAVEVQNKPMIEWALGGFQPSGPKGLEPPEEEKNPYKEVYTDMWVEPEAAAYAPPPPAKKPRKSTAEKPKVKEIIDERTRERLVYEVRQKCRNIEDICISCGSLNVTLEHPLFVGGMCQNCKNCFLECAYQYDDDGYQSYCTICCGGREVLMCGNNNCCRCFCVECVDLLVGPGAAQAAIKEDPWNCYMCGHKGTYGLLRRREDWPSRLQMFFANNHDQEFDPPKVYPPVPAEKRKPIRVLSLFDGIATGLLVLKDLGIQVDRYIASEVCEDSITVGMVRHQGKIMYVGDVRSVTQKHIQEWGPFDLVIGGSPCNDLSIVNPARKGLYEGTGRLFFEFYRLLHDARPKEGDDRPFFWLFENVVAMGVSDKRDISRFLESNPVMIDAKEVSAAHRARYFWGNLPGMNRPLASTVNDKLELQECLEHGRIAKFSKVRTITTRSNSIKQGKDQHFPVFMNEKEDILWCTEMERVFGFPVHYTDVSNMSRLARQRLLGRSWSVPVIRHLFAPLKEYFACV,C_MYC
41,G4DIP136,5'-[TGGGGAGGGTGGGGAGGGTGGGGAAGG]-3',DNA methyltransferase 3 beta,Q9UBC3,DNM3B_HUMAN,27468168.0,MKGDTRHLNGEEDAGGREDSILVNGACSDQSSDSPPILEAIRTPEIRGRRSSSRLSKREVSSLLSYTQDLTGDGDGEDGDGSDTPVMPKLFRETRTRSESPAVRTRNNNSVSSRERHRPSPRSTRGRQGRNHVDESPVEFPATRSLRRRATASAGTPWPSPPSSYLTIDLTDDTEDTHGTPQSSSTPYARLAQDSQQGGMESPQVEADSGDGDSSEYQDGKEFGIGDLVWGKIKGFSWWPAMVVSWKATSKRQAMSGMRWVQWFGDGKFSEVSADKLVALGLFSQHFNLATFNKLVSYRKAMYHALEKARVRAGKTFPSSPGDSLEDQLKPMLEWAHGGFKPTGIEGLKPNNTQPVVNKSKVRRAGSRKLESRKYENKTRRRTADDSATSDYCPAPKRLKTNCYNNGKDRGDEDQSREQMASDVANNKSSLEDGCLSCGRKNPVSFHPLFEGGLCQTCRDRFLELFYMYDDDGYQSYCTVCCEGRELLLCSNTSCCRCFCVECLEVLVGTGTAAEAKLQEPWSCYMCLPQRCHGVLRRRKDWNVRLQAFFTSDTGLEYEAPKLYPAIPAARRRPIRVLSLFDGIATGYLVLKELGIKVGKYVASEVCEESIAVGTVKHEGNIKYVNDVRNITKKNIEEWGPFDLVIGGSPCNDLSNVNPARKGLYEGTGRLFFEFYHLLNYSRPKEGDDRPFFWMFENVVAMKVGDKRDISRFLECNPVMIDAIKVSAAHRARYFWGNLPGMNRPVIASKNDKLELQDCLEYNRIAKLKKVQTITTKSNSIKQGKNQLFPVVMNGKEDVLWCTELERIFGFPVHYTDVSNMGRGARQKLLGRSWSVPVIRHLFAPLKDYFACE,C_MYC
43,G4DIP15,5'-[TAGGG(TTAGGG)3TT]-3',alpha-HL(alpha-hemolysin),P09616,HLA_STAAU,25225404.0,MKTRIVSSVTTTLLLGSILMNPVAGAADSDINIKTGTTDIGSNTTVKTGDLVTYDKENGMHKKVFYSFIDDKNHNKKLLVIRTKGTIAGQYRVYSEEGANKSGLAWPSAFKVQLQLPDNEVAQISDYYPRNSIDTKEYMSTLTYGFNGNVTGDDTGKIGGLIGANVSIGHTLKYVQPDFKTILESPTDKKVGWKVIFNNMVNQNWGPYDRDSWNPVYGNQLFMKTRNGSMKAADNFLDPNKASSLLSSGFSPDFATVITMDRKASKQQTNIDVIYERVRDDYQLHWTSTNWKGTNTKDKWTDRSSERYKIDWEKEEMTN,G_quadruplex__Hybrid_Fold_1___Buffer_condition__50_mM_KCl_950_mM_LiCl_25_mM_Tris_pH_7_9
44,G4DIP16,5'-[TAGGG(TTAGGG)3TT]-3',alpha-HL(alpha-hemolysin),P09616,HLA_STAAU,25225404.0,MKTRIVSSVTTTLLLGSILMNPVAGAADSDINIKTGTTDIGSNTTVKTGDLVTYDKENGMHKKVFYSFIDDKNHNKKLLVIRTKGTIAGQYRVYSEEGANKSGLAWPSAFKVQLQLPDNEVAQISDYYPRNSIDTKEYMSTLTYGFNGNVTGDDTGKIGGLIGANVSIGHTLKYVQPDFKTILESPTDKKVGWKVIFNNMVNQNWGPYDRDSWNPVYGNQLFMKTRNGSMKAADNFLDPNKASSLLSSGFSPDFATVITMDRKASKQQTNIDVIYERVRDDYQLHWTSTNWKGTNTKDKWTDRSSERYKIDWEKEEMTN,G_quadruplex__Basket_Fold__Buffer_condition__1_M_NaCl_25_mM_Tris_pH_7_9
45,G4DIP17,5'-[TAGGG(TTAGGG)3TT]-3',alpha-HL(alpha-hemolysin),P09616,HLA_STAAU,25225404.0,MKTRIVSSVTTTLLLGSILMNPVAGAADSDINIKTGTTDIGSNTTVKTGDLVTYDKENGMHKKVFYSFIDDKNHNKKLLVIRTKGTIAGQYRVYSEEGANKSGLAWPSAFKVQLQLPDNEVAQISDYYPRNSIDTKEYMSTLTYGFNGNVTGDDTGKIGGLIGANVSIGHTLKYVQPDFKTILESPTDKKVGWKVIFNNMVNQNWGPYDRDSWNPVYGNQLFMKTRNGSMKAADNFLDPNKASSLLSSGFSPDFATVITMDRKASKQQTNIDVIYERVRDDYQLHWTSTNWKGTNTKDKWTDRSSERYKIDWEKEEMTN,G_quadruplex__Hybrid_Fold_2___Buffer_condition__50_mM_KCl_950_mM_LiCl_25_mM_Tris_pH_7_9
46,G4DIP18,5'-[TAGGG(TTAGGG)3TT]-3',alpha-HL(alpha-hemolysin),P09616,HLA_STAAU,25225404.0,MKTRIVSSVTTTLLLGSILMNPVAGAADSDINIKTGTTDIGSNTTVKTGDLVTYDKENGMHKKVFYSFIDDKNHNKKLLVIRTKGTIAGQYRVYSEEGANKSGLAWPSAFKVQLQLPDNEVAQISDYYPRNSIDTKEYMSTLTYGFNGNVTGDDTGKIGGLIGANVSIGHTLKYVQPDFKTILESPTDKKVGWKVIFNNMVNQNWGPYDRDSWNPVYGNQLFMKTRNGSMKAADNFLDPNKASSLLSSGFSPDFATVITMDRKASKQQTNIDVIYERVRDDYQLHWTSTNWKGTNTKDKWTDRSSERYKIDWEKEEMTN,G_quadruplex__Propeller_Fold__Buffer_condition__20_mM_KCl_5_M_LiCl_25_mM_Tris_pH_7_9
47,G4DIP19,5'-[AGGG(TTAGGG)3]-3',UP1(Unfolding Protein 1),P09651,ROA1_HUMAN,24831962.0,MSKSESPKEPEQLRKLFIGGLSFETTDESLRSHFEQWGTLTDCVVMRDPNTKRSRGFGFVTYATVEEVDAAMNARPHKVDGRVVEPKRAVSREDSQRPGAHLTVKKIFVGGIKEDTEEHHLRDYFEQYGKIEVIEIMTDRGSGKKRGFAFVTFDDHDSVDKIVIQKYHTVNGHNCEVRKALSKQEMASASSSQRGRSGSGNFGGGRGGGFGGNDNFGRGGNFSGRGGFGGSRGGGGYGGSGDGYNGFGNDGGYGGGGPGYSGGSRGYGSGGQGYGNQGSGYGGSGSYDSYNNGGGGGFGGGSGSNFGGGGSYNDFGNYNNQSSNFGPMKGGNFGGRSSGPYGGGGQYFAKPRNQGGYGGSSSSSSYGSGRRF,Tel_22__Na_G_quadruplex_DNA
48,G4DIP2,5'-[TTTTTGGGAGGCGTGGCCTGGGCGGGACTGGGGTTTTT]-3',NCL(nucleolin),P19338,NUCL_HUMAN,26354862.0,MVKLAKAGKNQGDPKKMAPPPKEVEEDSEDEEMSEDEEDDSSGEEVVIPQKKGKKAAATSAKKVVVSPTKKVAVATPAKKAAVTPGKKAAATPAKKTVTPAKAVTTPGKKGATPGKALVATPGKKGAAIPAKGAKNGKNAKKEDSDEEEDDDSEEDEEDDEDEDEDEDEIEPAAMKAAAAAPASEDEDDEDDEDDEDDDDDEEDDSEEEAMETTPAKGKKAAKVVPVKAKNVAEDEDEEEDDEDEDDDDDEDDEDDDDEDDEEEEEEEEEEPVKEAPGKRKKEMAKQKAAPEAKKQKVEGTEPTTAFNLFVGNLNFNKSAPELKTGISDVFAKNDLAVVDVRIGMTRKFGYVDFESAEDLEKALELTGLKVFGNEIKLEKPKGKDSKKERDARTLLAKNLPYKVTQDELKEVFEDAAEIRLVSKDGKSKGIAYIEFKTEADAEKTFEEKQGTEIDGRSISLYYTGEKGQNQDYRGGKNSTWSGESKTLVLSNLSYSATEETLQEVFEKATFIKVPQNQNGKSKGYAFIEFASFEDAKEALNSCNKREIEGRAIRLELQGPRGSPNARSQPSKTLFVKGLSEDTTEETLKESFDGSVRARIVTDRETGSSKGFGFVDFNSEEDAKAAKEAMEDGEIDGNKVTLDWAKPKGEGGFGGRGGGRGGFGGRGGGRGGRGGFGGRGRGGFGGRGGFRGGRGGGGDHKPQGKKTKFE,LTR_III
49,G4DIP20,5'-[AGGG(TTAGGG)3]-3',UP1(Unfolding Protein 1),P09651,ROA1_HUMAN,24831962.0,MSKSESPKEPEQLRKLFIGGLSFETTDESLRSHFEQWGTLTDCVVMRDPNTKRSRGFGFVTYATVEEVDAAMNARPHKVDGRVVEPKRAVSREDSQRPGAHLTVKKIFVGGIKEDTEEHHLRDYFEQYGKIEVIEIMTDRGSGKKRGFAFVTFDDHDSVDKIVIQKYHTVNGHNCEVRKALSKQEMASASSSQRGRSGSGNFGGGRGGGFGGNDNFGRGGNFSGRGGFGGSRGGGGYGGSGDGYNGFGNDGGYGGGGPGYSGGSRGYGSGGQGYGNQGSGYGGSGSYDSYNNGGGGGFGGGSGSNFGGGGSYNDFGNYNNQSSNFGPMKGGNFGGRSSGPYGGGGQYFAKPRNQGGYGGSSSSSSYGSGRRF,Tel_22__K_G_quadruplex_DNA
50,G4DIP21,5'-[TGG GGA GGG TGG GGA GGG TGG GGA AGG ]-3',h PARP-1(human nuclear poly(ADP-ribose)polymerase-1),P09874,PARP1_HUMAN,22880082.0,MAESSDKLYRVEYAKSGRASCKKCSESIPKDSLRMAIMVQSPMFDGKVPHWYHFSCFWKVGHSIRHPDVEVDGFSELRWDDQQKVKKTAEAGGVTGKGQDGIGSKAEKTLGDFAAEYAKSNRSTCKGCMEKIEKGQVRLSKKMVDPEKPQLGMIDRWYHPGCFVKNREELGFRPEYSASQLKGFSLLATEDKEALKKQLPGVKSEGKRKGDEVDGVDEVAKKKSKKEKDKDSKLEKALKAQNDLIWNIKDELKKVCSTNDLKELLIFNKQQVPSGESAILDRVADGMVFGALLPCEECSGQLVFKSDAYYCTGDVTAWTKCMVKTQTPNRKEWVTPKEFREISYLKKLKVKKQDRIFPPETSASVAATPPPSTASAPAAVNSSASADKPLSNMKILTLGKLSRNKDEVKAMIEKLGGKLTGTANKASLCISTKKEVEKMNKKMEEVKEANIRVVSEDFLQDVSASTKSLQELFLAHILSPWGAEVKAEPVEVVAPRGKSGAALSKKSKGQVKEEGINKSEKRMKLTLKGGAAVDPDSGLEHSAHVLEKGGKVFSATLGLVDIVKGTNSYYKLQLLEDDKENRYWIFRSWGRVGTVIGSNKLEQMPSKEDAIEHFMKLYEEKTGNAWHSKNFTKYPKKFYPLEIDYGQDEEAVKKLTVNPGTKSKLPKPVQDLIKMIFDVESMKKAMVEYEIDLQKMPLGKLSKRQIQAAYSILSEVQQAVSQGSSDSQILDLSNRFYTLIPHDFGMKKPPLLNNADSVQAKVEMLDNLLDIEVAYSLLRGGSDDSSKDPIDVNYEKLKTDIKVVDRDSEEAEIIRKYVKNTHATTHNAYDLEVIDIFKIEREGECQRYKPFKQLHNRRLLWHGSRTTNFAGILSQGLRIAPPEAPVTGYMFGKGIYFADMVSKSANYCHTSQGDPIGLILLGEVALGNMYELKHASHISKLPKGKHSVKGLGKTTPDPSANISLDGVDVPLGTGISSGVNDTSLLYNEYIVYDIAQVNLKYLLKLKFNFKTSLW,G_quadruplex_Structure__present_in_nuclease_hypersensitive_element__NHE_III_region_of_human_c_myc_gene_promoter
51,G4DIP22,5'-[TGGGGAGGGTGGGGAGGGTGGGGAAGG]-3',"nucleophosmin (nucleolar phosphoprotein B23, numatrin)",P06748,NPM_HUMAN,22707729.0,MEDSMDMDMSPLRPQNYLFGCELKADKDYHFKVDNDENEHQLSLRTVSLGAGAKDELHIVEAEAMNYEGSPIKVTLATLKMSVQPTVSLGGFEITPPVVLRLKCGSGPVHISGQHLVAVEEDAESEDEEEEDVKLLSISGKRSAPGGGSKVPQKKVKLAADEDDDDDDEEDDDEDDDDDDFDDEEAEEKAPVKKSIRDTPAKNAQKSNQNGKDSKPSSTPRSKGQESFKKQEKTPKTPKGPSSVEDIKAKMQASIEKGGSLPKVEAKFINYVKNCFRMTDQEAIQDLWQWRKSL,c_MYC_Gene_promoter
53,G4DIP24,5'-[TGGGTGGGTAGGGTGGGTAGGGGAGGAT]-3',human DNA polymerase epsilon,Q07864,DPOE1_HUMAN,25903680.0,MSLRSGGRRRADPGADGEASRDDGATSSVSALKRLERSQWTDKMDLRFGFERLKEPGEKTGWLINMHPTEILDEDKRLGSAVDYYFIQDDGSRFKVALPYKPYFYIATRKGCEREVSSFLSKKFQGKIAKVETVPKEDLDLPNHLVGLKRNYIRLSFHTVEDLVKVRKEISPAVKKNREQDHASDAYTALLSSVLQRGGVITDEEETSKKIADQLDNIVDMREYDVPYHIRLSIDLKIHVAHWYNVRYRGNAFPVEITRRDDLVERPDPVVLAFDIETTKLPLKFPDAETDQIMMISYMIDGQGYLITNREIVSEDIEDFEFTPKPEYEGPFCVFNEPDEAHLIQRWFEHVQETKPTIMVTYNGDFFDWPFVEARAAVHGLSMQQEIGFQKDSQGEYKAPQCIHMDCLRWVKRDSYLPVGSHNLKAAAKAKLGYDPVELDPEDMCRMATEQPQTLATYSVSDAVATYYLYMKYVHPFIFALCTIIPMEPDEVLRKGSGTLCEALLMVQAFHANIIFPNKQEQEFNKLTDDGHVLDSETYVGGHVEALESGVFRSDIPCRFRMNPAAFDFLLQRVEKTLRHALEEEEKVPVEQVTNFEEVCDEIKSKLASLKDVPSRIECPLIYHLDVGAMYPNIILTNRLQPSAMVDEATCAACDFNKPGANCQRKMAWQWRGEFMPASRSEYHRIQHQLESEKFPPLFPEGPARAFHELSREEQAKYEKRRLADYCRKAYKKIHITKVEERLTTICQRENSFYVDTVRAFRDRRYEFKGLHKVWKKKLSAAVEVGDAAEVKRCKNMEVLYDSLQLAHKCILNSFYGYVMRKGARWYSMEMAGIVCFTGANIITQARELIEQIGRPLELDTDGIWCVLPNSFPENFVFKTTNVKKPKVTISYPGAMLNIMVKEGFTNDQYQELAEPSSLTYVTRSENSIFFEVDGPYLAMILPASKEEGKKLKKRYAVFNEDGSLAELKGFEVKRRGELQLIKIFQSSVFEAFLKGSTLEEVYGSVAKVADYWLDVLYSKAANMPDSELFELISENRSMSRKLEDYGEQKSTSISTAKRLAEFLGDQMVKDAGLSCRYIISRKPEGSPVTERAIPLAIFQAEPTVRKHFLRKWLKSSSLQDFDIRAILDWDYYIERLGSAIQKIITIPAALQQVKNPVPRVKHPDWLHKKLLEKNDVYKQKKISELFTLEGRRQVTMAEASEDSPRPSAPDMEDFGLVKLPHPAAPVTVKRKRVLWESQEESQDLTPTVPWQEILGQPPALGTSQEEWLVWLRFHKKKWQLQARQRLARRKRQRLESAEGVLRPGAIRDGPATGLGSFLRRTARSILDLPWQIVQISETSQAGLFRLWALVGSDLHCIRLSIPRVFYVNQRVAKAEEGASYRKVNRVLPRSNMVYNLYEYSVPEDMYQEHINEINAELSAPDIEGVYETQVPLLFRALVHLGCVCVVNKQLVRHLSGWEAETFALEHLEMRSLAQFSYLEPGSIRHIYLYHHAQAHKALFGIFIPSQRRASVFVLDTVRSNQMPSLGALYSAEHGLLLEKVGPELLPPPKHTFEVRAETDLKTICRAIQRFLLAYKEERRGPTLIAVQSSWELKRLASEIPVLEEFPLVPICVADKINYGVLDWQRHGARRMIRHYLNLDTCLSQAFEMSRYFHIPIGNLPEDISTFGSDLFFARHLQRHNHLLWLSPTARPDLGGKEADDNCLVMEFDDQATVEINSSGCYSTVCVELDLQNLAVNTILQSHHVNDMEGADSMGISFDVIQQASLEDMITGGQAASAPASYDETALCSNTFRILKSMVVGWVKEITQYHNIYADNQVMHFYRWLRSPSSLLHDPALHRTLHNMMKKLFLQLIAEFKRLGSSVIYANFNRIILCTKKRRVEDAIAYVEYITSSIHSKETFHSLTISFSRCWEFLLWMDPSNYGGIKGKVSSRIHCGLQDSQKAGGAEDEQENEDDEEERDGEEEEEAEESNVEDLLENNWNILQFLPQAASCQNYFLMIVSAYIVAVYHCMKDGLRRSAPGSTPVRRRGASQLSQEAEGAVGALPGMITFSQDYVANELTQSFFTITQKIQKKVTGSRNSTELSEMFPVLPGSHLLLNNPALEFIKYVCKVLSLDTNITNQVNKLNRDLLRLVDVGEFSEEAQFRDPCRSYVLPEVICRSCNFCRDLDLCKDSSFSEDGAVLPQWLCSNCQAPYDSSAIEMTLVEVLQKKLMAFTLQDLVCLKCRGVKETSMPVYCSCAGDFALTIHTQVFMEQIGIFRNIAQHYGMSYLLETLEWLLQKNPQLGH,c_MYC_G4_DNA
54,G4DIP25,5'-[TGGGGAGGGTGGGGAGGGTGGGGAAGG]-3',human DNA polymerase eta,Q9Y253,POLH_HUMAN,25903680.0,MATGQDRVVALVDMDCFFVQVEQRQNPHLRNKPCAVVQYKSWKGGGIIAVSYEARAFGVTRSMWADDAKKLCPDLLLAQVRESRGKANLTKYREASVEVMEIMSRFAVIERASIDEAYVDLTSAVQERLQKLQGQPISADLLPSTYIEGLPQGPTTAEETVQKEGMRKQGLFQWLDSLQIDNLTSPDLQLTVGAVIVEEMRAAIERETGFQCSAGISHNKVLAKLACGLNKPNRQTLVSHGSVPQLFSQMPIRKIRSLGGKLGASVIEILGIEYMGELTQFTESQLQSHFGEKNGSWLYAMCRGIEHDPVKPRQLPKTIGCSKNFPGKTALATREQVQWWLLQLAQELEERLTKDRNDNDRVATQLVVSIRVQGDKRLSSLRRCCALTRYDAHKMSHDAFTVIKNCNTSGIQTEWSPPLTMLFLCATKFSASAPSSSTDITSFLSSDPSSLPKVPVTSSEAKTQGSGPAVTATKKATTSLESFFQKAAERQKVKEASLSSLTAPTQAPMSNSPSKPSLPFQTSQSTGTEPFFKQKSLLLKQKQLNNSSVSSPQQNPWSNCKALPNSLPTEYPGCVPVCEGVSKLEESSKATPAEMDLAHNSQSMHASSASKSVLEVTQKATPNPSLLAAEDQVPCEKCGSLVPVWDMPEHMDYHFALELQKSFLQPHSSNPQVVSAVSHQGKRNPKSPLACTNKRPRPEGMQTLESFFKPLTH,c_MYC_G4_DNA
55,G4DIP26,5'-[CGGGGGTGTTGAAGGGAGGAGGAGGGAGGGG]-3',(Zea mays L.) nucleoside diphosphate kinase1,A0A0A7DIX5,A0A0A7DIX5_MAIZE,25679041.0,MESTFIMIKPDGVQRGLIGEIISRFEKKGFYLKALKLVNVERSFAEKHYADLASKPFFQGLVDYIISGPVVAMVWEGKSVVTTGRKIIGATNPLASEPGTIRGDFAVDIGRNVIHGSDSIESANKEIALWFPEGPADWQSSQHPWIYEK,hex4_A5U_G_quadruplex_DNA_KCL
56,G4DIP27,5'-[CGGGGGTGTTGAAGGGAGGAGGAGGGAGGGG]-3',(Zea mays L.) nucleoside diphosphate kinase1,A0A0A7DIX5,A0A0A7DIX5_MAIZE,25679041.0,MESTFIMIKPDGVQRGLIGEIISRFEKKGFYLKALKLVNVERSFAEKHYADLASKPFFQGLVDYIISGPVVAMVWEGKSVVTTGRKIIGATNPLASEPGTIRGDFAVDIGRNVIHGSDSIESANKEIALWFPEGPADWQSSQHPWIYEK,hex4_A5U_G_quadruplex_DNA_LICL
57,G4DIP28,5'-[(GGGTTA)3GGG]-3',BRCA1 interacting protein C-terminal helicase 1,P54132,BLM_HUMAN,25245947.0,MAAVPQNNLQEQLERHSARTLNNKLSLSKPKFSGFTFKKKTSSDNNVSVTNVSVAKTPVLRNKDVNVTEDFSFSEPLPNTTNQQRVKDFFKNAPAGQETQRGGSKSLLPDFLQTPKEVVCTTQNTPTVKKSRDTALKKLEFSSSPDSLSTINDWDDMDDFDTSETSKSFVTPPQSHFVRVSTAQKSKKGKRNFFKAQLYTTNTVKTDLPPPSSESEQIDLTEEQKDDSEWLSSDVICIDDGPIAEVHINEDAQESDSLKTHLEDERDNSEKKKNLEEAELHSTEKVPCIEFDDDDYDTDFVPPSPEEIISASSSSSKCLSTLKDLDTSDRKEDVLSTSKDLLSKPEKMSMQELNPETSTDCDARQISLQQQLIHVMEHICKLIDTIPDDKLKLLDCGNELLQQRNIRRKLLTEVDFNKSDASLLGSLWRYRPDSLDGPMEGDSCPTGNSMKELNFSHLPSNSVSPGDCLLTTTLGKTGFSATRKNLFERPLFNTHLQKSFVSSNWAETPRLGKKNESSYFPGNVLTSTAVKDQNKHTASINDLERETQPSYDIDNFDIDDFDDDDDWEDIMHNLAASKSSTAAYQPIKEGRPIKSVSERLSSAKTDCLPVSSTAQNINFSESIQNYTDKSAQNLASRNLKHERFQSLSFPHTKEMMKIFHKKFGLHNFRTNQLEAINAALLGEDCFILMPTGGGKSLCYQLPACVSPGVTVVISPLRSLIVDQVQKLTSLDIPATYLTGDKTDSEATNIYLQLSKKDPIIKLLYVTPEKICASNRLISTLENLYERKLLARFVIDEAHCVSQWGHDFRQDYKRMNMLRQKFPSVPVMALTATANPRVQKDILTQLKILRPQVFSMSFNRHNLKYYVLPKKPKKVAFDCLEWIRKHHPYDSGIIYCLSRRECDTMADTLQRDGLAALAYHAGLSDSARDEVQQKWINQDGCQVICATIAFGMGIDKPDVRFVIHASLPKSVEGYYQESGRAGRDGEISHCLLFYTYHDVTRLKRLIMMEKDGNHHTRETHFNNLYSMVHYCENITECRRIQLLAYFGENGFNPDFCKKHPDVSCDNCCKTKDYKTRDVTDDVKSIVRFVQEHSSSQGMRNIKHVGPSGRFTMNMLVDIFLGSKSAKIQSGIFGKGSAYSRHNAERLFKKLILDKILDEDLYINANDQAIAYVMLGNKAQTVLNGNLKVDFMETENSSSVKKQKALVAKVSQREEMVKKCLGELTEVCKSLGKVFGVHYFNIFNTVTLKKLAESLSSDPEVLLQIDGVTEDKLEKYGAEVISVLQKYSEWTSPAEDSSPGISLSSSRGPGRSAAEELDEEIPVSSHYFASKTRNERKRKKMPASQRSKRRKTASSGSKAKGGSATCRKISSKTKSSSIIGSSSASHTSQATSGANSKLGIMAPPKPINRPFLKPSYAFS,G_quadruplex__GQ_ssDNA
58,G4DIP29,5'-[ TGGGGAGGGTGGGGAGGGTGGGGAAGG]-3',"adenosine deaminase, RNA-specific",P55265,DSRAD_HUMAN,24813121.0,MNPRQGYSLSGYYTHPFQGYEHRQLRYQQPGPGSSPSSFLLKQIEFLKGQLPEAPVIGKQTPSLPPSLPGLRPRFPVLLASSTRGRQVDIRGVPRGVHLRSQGLQRGFQHPSPRGRSLPQRGVDCLSSHFQELSIYQDQEQRILKFLEELGEGKATTAHDLSGKLGTPKKEINRVLYSLAKKGKLQKEAGTPPLWKIAVSTQAWNQHSGVVRPDGHSQGAPNSDPSLEPEDRNSTSVSEDLLEPFIAVSAQAWNQHSGVVRPDSHSQGSPNSDPGLEPEDSNSTSALEDPLEFLDMAEIKEKICDYLFNVSDSSALNLAKNIGLTKARDINAVLIDMERQGDVYRQGTTPPIWHLTDKKRERMQIKRNTNSVPETAPAAIPETKRNAEFLTCNIPTSNASNNMVTTEKVENGQEPVIKLENRQEARPEPARLKPPVHYNGPSKAGYVDFENGQWATDDIPDDLNSIRAAPGEFRAIMEMPSFYSHGLPRCSPYKKLTECQLKNPISGLLEYAQFASQTCEFNMIEQSGPPHEPRFKFQVVINGREFPPAEAGSKKVAKQDAAMKAMTILLEEAKAKDSGKSEESSHYSTEKESEKTAESQTPTPSATSFFSGKSPVTTLLECMHKLGNSCEFRLLSKEGPAHEPKFQYCVAVGAQTFPSVSAPSKKVAKQMAAEEAMKALHGEATNSMASDNQPEGMISESLDNLESMMPNKVRKIGELVRYLNTNPVGGLLEYARSHGFAAEFKLVDQSGPPHEPKFVYQAKVGGRWFPAVCAHSKKQGKQEAADAALRVLIGENEKAERMGFTEVTPVTGASLRRTMLLLSRSPEAQPKTLPLTGSTFHDQIAMLSHRCFNTLTNSFQPSLLGRKILAAIIMKKDSEDMGVVVSLGTGNRCVKGDSLSLKGETVNDCHAEIISRRGFIRFLYSELMKYNSQTAKDSIFEPAKGGEKLQIKKTVSFHLYISTAPCGDGALFDKSCSDRAMESTESRHYPVFENPKQGKLRTKVENGEGTIPVESSDIVPTWDGIRLGERLRTMSCSDKILRWNVLGLQGALLTHFLQPIYLKSVTLGYLFSQGHLTRAICCRVTRDGSAFEDGLRHPFIVNHPKVGRVSIYDSKRQSGKTKETSVNWCLADGYDLEILDGTRGTVDGPRNELSRVSKKNIFLLFKKLCSFRYRRDLLRLSYGEAKKAARDYETAKNYFKKGLKDMGYGNWISKPQEEKNFYLCPV,G_quadruplex_Pu27
59,G4DIP3,5'-[TTTTTGGGCGGGACTGGGGAGTGGTTTTT]-3',NCL(nucleolin),P19338,NUCL_HUMAN,26354862.0,MVKLAKAGKNQGDPKKMAPPPKEVEEDSEDEEMSEDEEDDSSGEEVVIPQKKGKKAAATSAKKVVVSPTKKVAVATPAKKAAVTPGKKAAATPAKKTVTPAKAVTTPGKKGATPGKALVATPGKKGAAIPAKGAKNGKNAKKEDSDEEEDDDSEEDEEDDEDEDEDEDEIEPAAMKAAAAAPASEDEDDEDDEDDEDDDDDEEDDSEEEAMETTPAKGKKAAKVVPVKAKNVAEDEDEEEDDEDEDDDDDEDDEDDDDEDDEEEEEEEEEEPVKEAPGKRKKEMAKQKAAPEAKKQKVEGTEPTTAFNLFVGNLNFNKSAPELKTGISDVFAKNDLAVVDVRIGMTRKFGYVDFESAEDLEKALELTGLKVFGNEIKLEKPKGKDSKKERDARTLLAKNLPYKVTQDELKEVFEDAAEIRLVSKDGKSKGIAYIEFKTEADAEKTFEEKQGTEIDGRSISLYYTGEKGQNQDYRGGKNSTWSGESKTLVLSNLSYSATEETLQEVFEKATFIKVPQNQNGKSKGYAFIEFASFEDAKEALNSCNKREIEGRAIRLELQGPRGSPNARSQPSKTLFVKGLSEDTTEETLKESFDGSVRARIVTDRETGSSKGFGFVDFNSEEDAKAAKEAMEDGEIDGNKVTLDWAKPKGEGGFGGRGGGRGGFGGRGGGRGGRGGFGGRGRGGFGGRGGFRGGRGGGGDHKPQGKKTKFE,LTR_IV
60,G4DIP30,5'-[TCGGGTTGCGGGCGCAGGGCACGGGCG]-3',MYC associated zinc finger protein,P56270,MAZ_HUMAN,25013182.0,MFPVFPCTLLAPPFPVLGLDSRGVGGLMNSFPPPQGHAQNPLQVGAELQSRFFASQGCAQSPFQAAPAPPPTPQAPAAEPLQVDLLPVLAAAQESAAAAAAAAAAAAAVAAAPPAPAAASTVDTAALKQPPAPPPPPPPVSAPAAEAAPPASAATIAAAAATAVVAPTSTVAVAPVASALEKKTKSKGPYICALCAKEFKNGYNLRRHEAIHTGAKAGRVPSGAMKMPTMVPLSLLSVPQLSGAGGGGGEAGAGGGAAAVAAGGVVTTTASGKRIRKNHACEMCGKAFRDVYHLNRHKLSHSDEKPYQCPVCQQRFKRKDRMSYHVRSHDGAVHKPYNCSHCGKSFSRPDHLNSHVRQVHSTERPFKCEKCEAAFATKDRLRAHTVRHEEKVPCHVCGKMLSSAYISDHMKVHSQGPHHVCELCNKGTGEVCPMAAAAAAAAAAAAAAVAAPPTAVGSLSGAEGVPVSSQPLPSQPW,G_quadruplex_hras_1__Present_in_HRAS_promoter
61,G4DIP31,5'-[CGGGGCGGGGCGGGGGCGGGGGCG ]-3',MYC associated zinc finger protein,P56270,MAZ_HUMAN,25013182.0,MFPVFPCTLLAPPFPVLGLDSRGVGGLMNSFPPPQGHAQNPLQVGAELQSRFFASQGCAQSPFQAAPAPPPTPQAPAAEPLQVDLLPVLAAAQESAAAAAAAAAAAAAVAAAPPAPAAASTVDTAALKQPPAPPPPPPPVSAPAAEAAPPASAATIAAAAATAVVAPTSTVAVAPVASALEKKTKSKGPYICALCAKEFKNGYNLRRHEAIHTGAKAGRVPSGAMKMPTMVPLSLLSVPQLSGAGGGGGEAGAGGGAAAVAAGGVVTTTASGKRIRKNHACEMCGKAFRDVYHLNRHKLSHSDEKPYQCPVCQQRFKRKDRMSYHVRSHDGAVHKPYNCSHCGKSFSRPDHLNSHVRQVHSTERPFKCEKCEAAFATKDRLRAHTVRHEEKVPCHVCGKMLSSAYISDHMKVHSQGPHHVCELCNKGTGEVCPMAAAAAAAAAAAAAAVAAPPTAVGSLSGAEGVPVSSQPLPSQPW,G_quadruplex_hras_2__Present_in_HRAS_promoter
62,G4DIP32,5'-[CGGGGCGGGGCGGGGGCGGGGGCG ]-3',Sp1 transcription factor,P08047,SP1_HUMAN,25013182.0,MSDQDHSMDEMTAVVKIEKGVGGNNGGNGNGGGAFSQARSSSTGSSSSTGGGGQESQPSPLALLAATCSRIESPNENSNNSQGPSQSGGTGELDLTATQLSQGANGWQIISSSSGATPTSKEQSGSSTNGSNGSESSKNRTVSGGQYVVAAAPNLQNQQVLTGLPGVMPNIQYQVIPQFQTVDGQQLQFAATGAQVQQDGSGQIQIIPGANQQIITNRGSGGNIIAAMPNLLQQAVPLQGLANNVLSGQTQYVTNVPVALNGNITLLPVNSVSAATLTPSSQAVTISSSGSQESGSQPVTSGTTISSASLVSSQASSSSFFTNANSYSTTTTTSNMGIMNFTTSGSSGTNSQGQTPQRVSGLQGSDALNIQQNQTSGGSLQAGQQKEGEQNQQTQQQQILIQPQLVQGGQALQALQAAPLSGQTFTTQAISQETLQNLQLQAVPNSGPIIIRTPTVGPNGQVSWQTLQLQNLQVQNPQAQTITLAPMQGVSLGQTSSSNTTLTPIASAASIPAGTVTVNAAQLSSMPGLQTINLSALGTSGIQVHPIQGLPLAIANAPGDHGAQLGLHGAGGDGIHDDTAGGEEGENSPDAQPQAGRRTRREACTCPYCKDSEGRGSGDPGKKKQHICHIQGCGKVYGKTSHLRAHLRWHTGERPFMCTWSYCGKRFTRSDELQRHKRTHTGEKKFACPECPKRFMRSDHLSKHIKTHQNKKGGPGVALSVGTLPLDSGAGSEGSGTATPSALITTNMVAMEAICPEGIARLANSGINVMQVADLQSINISGNGF,G_quadruplex_hras_2
63,G4DIP33,5'-[CCAGGGAGGTGTGGCCTGGGCGGGACTGGGGAGTGGCGAG ]-3',Sp1 transcription factor,P08047,SP1_HUMAN,24735378.0,MSDQDHSMDEMTAVVKIEKGVGGNNGGNGNGGGAFSQARSSSTGSSSSTGGGGQESQPSPLALLAATCSRIESPNENSNNSQGPSQSGGTGELDLTATQLSQGANGWQIISSSSGATPTSKEQSGSSTNGSNGSESSKNRTVSGGQYVVAAAPNLQNQQVLTGLPGVMPNIQYQVIPQFQTVDGQQLQFAATGAQVQQDGSGQIQIIPGANQQIITNRGSGGNIIAAMPNLLQQAVPLQGLANNVLSGQTQYVTNVPVALNGNITLLPVNSVSAATLTPSSQAVTISSSGSQESGSQPVTSGTTISSASLVSSQASSSSFFTNANSYSTTTTTSNMGIMNFTTSGSSGTNSQGQTPQRVSGLQGSDALNIQQNQTSGGSLQAGQQKEGEQNQQTQQQQILIQPQLVQGGQALQALQAAPLSGQTFTTQAISQETLQNLQLQAVPNSGPIIIRTPTVGPNGQVSWQTLQLQNLQVQNPQAQTITLAPMQGVSLGQTSSSNTTLTPIASAASIPAGTVTVNAAQLSSMPGLQTINLSALGTSGIQVHPIQGLPLAIANAPGDHGAQLGLHGAGGDGIHDDTAGGEEGENSPDAQPQAGRRTRREACTCPYCKDSEGRGSGDPGKKKQHICHIQGCGKVYGKTSHLRAHLRWHTGERPFMCTWSYCGKRFTRSDELQRHKRTHTGEKKFACPECPKRFMRSDHLSKHIKTHQNKKGGPGVALSVGTLPLDSGAGSEGSGTATPSALITTNMVAMEAICPEGIARLANSGINVMQVADLQSINISGNGF,G_rich_proviral_DNA_sequence_of_the_HIV_1_U3_region
64,G4DIP34,5'-[GGGAAGGGAGCAAGGGCGGGAGGG]-3',"nuclear factor, erythroid 2 like 2",Q16236,NF2L2_HUMAN,24699415.0,MMDLELPPPGLPSQQDMDLIDILWRQDIDLGVSREVFDFSQRRKEYELEKQKKLEKERQEQLQKEQEKAFFAQLQLDEETGEFLPIQPAQHIQSETSGSANYSQVAHIPKSDALYFDDCMQLLAQTFPFVDDNEVSSATFQSLVPDIPGHIESPVFIATNQAQSPETSVAQVAPVDLDGMQQDIEQVWEELLSIPELQCLNIENDKLVETTMVPSPEAKLTEVDNYHFYSSIPSMEKEVGNCSPHFLNAFEDSFSSILSTEDPNQLTVNSLNSDATVNTDFGDEFYSAFIAEPSISNSMPSPATLSHSLSELLNGPIDVSDLSLCKAFNQNHPESTAEFNDSDSGISLNTSPSVASPEHSVESSSYGDTLLGLSDSEVEELDSAPGSVKQNGPKTPVHSSGDMVQPLSPSQGQSTHVHDAQCENTPEKELPVSPGHRKTPFTKDKHSSRLEAHLTRDELRAKALHIPFPVEKIINLPVVDFNEMMSKEQFNEAQLALIRDIRRRGKNKVAAQNCRKRKLENIVELEQDLDHLKDEKEKLLKEKGENDKSLHLLKKQLSTLYLEVFSMLRDEDGKPYSPSEYSLQQTRDGNVFLVPKSKKPDVKKN,G_quadruplex_DNA
65,G4DIP35,5'-[TGGACCAGACCTAGCAGCTATGGGGGAGCTGGGGAAGGTGGGAATGTGA]-3',excision repair cross-complementation group 3,P19447,ERCC3_HUMAN,24609361.0,MGKRDRADRDKKKSRKRHYEDEEDDEEDAPGNDPQEAVPSAAGKQVDESGTKVDEYGAKDYRLQMPLKDDHTSRPLWVAPDGHIFLEAFSPVYKYAQDFLVAIAEPVCRPTHVHEYKLTAYSLYAAVSVGLQTSDITEYLRKLSKTGVPDGIMQFIKLCTVSYGKVKLVLKHNRYFVESCHPDVIQHLLQDPVIRECRLRNSEGEATELITETFTSKSAISKTAESSGGPSTSRVTDPQGKSDIPMDLFDFYEQMDKDEEEEEETQTVSFEVKQEMIEELQKRCIHLEYPLLAEYDFRNDSVNPDINIDLKPTAVLRPYQEKSLRKMFGNGRARSGVIVLPCGAGKSLVGVTAACTVRKRCLVLGNSAVSVEQWKAQFKMWSTIDDSQICRFTSDAKDKPIGCSVAISTYSMLGHTTKRSWEAERVMEWLKTQEWGLMILDEVHTIPAKMFRRVLTIVQAHCKLGLTATLVREDDKIVDLNFLIGPKLYEANWMELQNNGYIAKVQCAEVWCPMSPEFYREYVAIKTKKRILLYTMNPNKFRACQFLIKFHERRNDKIIVFADNVFALKEYAIRLNKPYIYGPTSQGERMQILQNFKHNPKINTIFISKVGDTSFDLPEANVLIQISSHGGSRRQEAQRLGRVLRAKKGMVAEEYNAFFYSLVSQDTQEMAYSTKRQRFLVDQGYSFKVITKLAGMEEEDLAFSTKEEQQQLLQKVLAATDLDAEEEVVAGEFGSRSSQASRRFGTMSSMSGADDTVYMEYHSSRSKAPSKHVHPLFKRFRK,G4_DNA
66,G4DIP36,5'-[TGGACCAGACCTAGCAGCTATGGGGGAGCTGGGGAAGGTGGGAATGTGA]-3',excision repair cross-complementation group 2,P18074,ERCC2_HUMAN,24609361.0,MKLNVDGLLVYFPYDYIYPEQFSYMRELKRTLDAKGHGVLEMPSGTGKTVSLLALIMAYQRAYPLEVTKLIYCSRTVPEIEKVIEELRKLLNFYEKQEGEKLPFLGLALSSRKNLCIHPEVTPLRFGKDVDGKCHSLTASYVRAQYQHDTSLPHCRFYEEFDAHGREVPLPAGIYNLDDLKALGRRQGWCPYFLARYSILHANVVVYSYHYLLDPKIADLVSKELARKAVVVFDEAHNIDNVCIDSMSVNLTRRTLDRCQGNLETLQKTVLRIKETDEQRLRDEYRRLVEGLREASAARETDAHLANPVLPDEVLQEAVPGSIRTAEHFLGFLRRLLEYVKWRLRVQHVVQESPPAFLSGLAQRVCIQRKPLRFCAERLRSLLHTLEITDLADFSPLTLLANFATLVSTYAKGFTIIIEPFDDRTPTIANPILHFSCMDASLAIKPVFERFQSVIITSGTLSPLDIYPKILDFHPVTMATFTMTLARVCLCPMIIGRGNDQVAISSKFETREDIAVIRNYGNLLLEMSAVVPDGIVAFFTSYQYMESTVASWYEQGILENIQRNKLLFIETQDGAETSVALEKYQEACENGRGAILLSVARGKVSEGIDFVHHYGRAVIMFGVPYVYTQSRILKARLEYLRDQFQIRENDFLTFDAMRHAAQCVGRAIRGKTDYGLMVFADKRFARGDKRGKLPRWIQEHLTDANLNLTVDEGVQVAKYFLRQMAQPFHREDQLGLSLLSLEQLESEETLKRIEQIAQQL,G4_DNA
68,G4DIP38,5'-[ TGGGGAGGGTGGGGAGGGTGGGGAAGG]-3',telomeric repeat binding factor 1,P54274,TERF1_HUMAN,24464582.0,MAEDVSSAAPSPRGCADGRDADPTEEQMAETERNDEEQFECQELLECQVQVGAPEEEEEEEEDAGLVAEAEAVAAGWMLDFLCLSLCRAFRDGRSEDFRRTRNSAEAIIHGLSSLTACQLRTIYICQFLTRIAAGKTLDAQFENDERITPLESALMIWGSIEKEHDKLHEEIQNLIKIQAIAVCMENGNFKEAEEVFERIFGDPNSHMPFKSKLLMIISQKDTFHSFFQHFSYNHMMEKIKSYVNYVLSEKSSTFLMKAAAKVVESKRTRTITSQDKPSGNDVEMETEANLDTRKSVSDKQSAVTESSEGTVSLLRSHKNLFLSKLQHGTQQQDLNKKERRVGTPQSTKKKKESRRATESRIPVSKSQPVTPEKHRARKRQAWLWEEDKNLRSGVRKYGEGNWSKILLHYKFNNRTSVMLKDRWRTMKKLKLISSDSED,c_Myc_promoter_quadruplex_forming_sequence_Pu_27
69,G4DIP39,5'-[ TGGGGAGGGTGGGGAGGGTGGGGAAGG]-3',telomeric repeat binding factor 2,Q15554,TERF2_HUMAN,24464582.0,MAAGAGTAGPASGPGVVRDPAASQPRKRPGREGGEGARRSDTMAGGGGSSDGSGRAAGRRASRSSGRARRGRHEPGLGGPAERGAGEARLEEAVNRWVLKFYFHEALRAFRGSRYGDFRQIRDIMQALLVRPLGKEHTVSRLLRVMQCLSRIEEGENLDCSFDMEAELTPLESAINVLEMIKTEFTLTEAVVESSRKLVKEAAVIICIKNKEFEKASKILKKHMSKDPTTQKLRNDLLNIIREKNLAHPVIQNFSYETFQQKMLRFLESHLDDAEPYLLTMAKKALKSESAASSTGKEDKQPAPGPVEKPPREPARQLRNPPTTIGMMTLKAAFKTLSGAQDSEAAFAKLDQKDLVLPTQALPASPALKNKRPRKDENESSAPADGEGGSELQPKNKRMTISRLVLEEDSQSTEPSAGLNSSQEAASAPPSKPTVLNQPLPGEKNPKVPKGKWNSSNGVEEKETWVEEDELFQVQAAPDEDSTTNITKKQKWTVEESEWVKAGVQKYGEGNWAAISKNYPFVNRTAVMIKDRWRTMKRLGMN,c_Myc_promoter_quadruplex_forming_sequence_Pu_27
70,G4DIP4,5'-[TTTTTGGGAGGCGTGGCCTGGGCGGGACTGGGGAGTGGTTTTT]-3',NCL(nucleolin),P19338,NUCL_HUMAN,26354862.0,MVKLAKAGKNQGDPKKMAPPPKEVEEDSEDEEMSEDEEDDSSGEEVVIPQKKGKKAAATSAKKVVVSPTKKVAVATPAKKAAVTPGKKAAATPAKKTVTPAKAVTTPGKKGATPGKALVATPGKKGAAIPAKGAKNGKNAKKEDSDEEEDDDSEEDEEDDEDEDEDEDEIEPAAMKAAAAAPASEDEDDEDDEDDEDDDDDEEDDSEEEAMETTPAKGKKAAKVVPVKAKNVAEDEDEEEDDEDEDDDDDEDDEDDDDEDDEEEEEEEEEEPVKEAPGKRKKEMAKQKAAPEAKKQKVEGTEPTTAFNLFVGNLNFNKSAPELKTGISDVFAKNDLAVVDVRIGMTRKFGYVDFESAEDLEKALELTGLKVFGNEIKLEKPKGKDSKKERDARTLLAKNLPYKVTQDELKEVFEDAAEIRLVSKDGKSKGIAYIEFKTEADAEKTFEEKQGTEIDGRSISLYYTGEKGQNQDYRGGKNSTWSGESKTLVLSNLSYSATEETLQEVFEKATFIKVPQNQNGKSKGYAFIEFASFEDAKEALNSCNKREIEGRAIRLELQGPRGSPNARSQPSKTLFVKGLSEDTTEETLKESFDGSVRARIVTDRETGSSKGFGFVDFNSEEDAKAAKEAMEDGEIDGNKVTLDWAKPKGEGGFGGRGGGRGGFGGRGGGRGGRGGFGGRGRGGFGGRGGFRGGRGGGGDHKPQGKKTKFE,LTR_III_IV
71,G4DIP40,5'-[ TGGGGAGGGTGGGGAGGGTGGGGAAGG]-3',protection of telomeres 1,Q9NUX5,POTE1_HUMAN,24464582.0,MSLVPATNYIYTPLNQLKGGTIVNVYGVVKFFKPPYLSKGTDYCSVVTIVDQTNVKLTCLLFSGNYEALPIIYKNGDIVRFHRLKIQVYKKETQGITSSGFASLTFEGTLGAPIIPRTSSKYFNFTTEDHKMVEALRVWASTHMSPSWTLLKLCDVQPMQYFDLTCQLLGKAEVDGASFLLKVWDGTRTPFPSWRVLIQDLVLEGDLSHIHRLQNLTIDILVYDNHVHVARSLKVGSFLRIYSLHTKLQSMNSENQTMLSLEFHLHGGTSYGRGIRVLPESNSDVDQLKKDLESANLTANQHSDVICQSEPDDSFPSSGSVSLYEVERCQQLSATILTDHQYLERTPLCAILKQKAPQQYRIRAKLRSYKPRRLFQSVKLHCPKCHLLQEVPHEGDLDIIFQDGATKTPDVKLQNTSLYDSKIWTTKNQKGRKVAVHFVKNNGILPLSNECLLLIEGGTLSEICKLSNKFNSVIPVRSGHEDLELLDLSAPFLIQGTIHHYGCKQCSSLRSIQNLNSLVDKTSWIPSSVAEALGIVPLQYVFVMTFTLDDGTGVLEAYLMDSDKFFQIPASEVLMDDDLQKSVDMIMDMFCPPGIKIDAYPWLECFIKSYNVTNGTDNQICYQIFDTTVAEDVI,c_Myc_promoter_quadruplex_forming_sequence_Pu_27
72,G4DIP41,5'-[ TGGGGAGGGTGGGGAGGGTGGGGAAGG]-3',TERF1 (TRF1)-interacting nuclear factor 2,Q9BSI4,TINF2_HUMAN,24464582.0,MATPLVAGPAALRFAAAASWQVVRGRCVEHFPRVLEFLRSLRAVAPGLVRYRHHERLCMGLKAKVVVELILQGRPWAQVLKALNHHFPESGPIVRDPKATKQDLRKILEAQETFYQQVKQLSEAPVDLASKLQELEQEYGEPFLAAMEKLLFEYLCQLEKALPTPQAQQLQDVLSWMQPGVSITSSLAWRQYGVDMGWLLPECSVTDSVNLAEPMEQNPPQQQRLALHNPLPKAKPGTHLPQGPSSRTHPEPLAGRHFNLAPLGRRRVQSQWASTRGGHKERPTVMLFPFRNLGSPTQVISKPESKEEHAIYTADLAMGTRAASTGKSKSPCQTLGGRALKENPVDLPATEQKENCLDCYMDPLRLSLLPPRARKPVCPPSLCSSVITIGDLVLDSDEEENGQGEGKESLENYQKTKFDTLIPTLCEYLPPSGHGAIPVSSCDCRDSSRPL,c_Myc_promoter_quadruplex_forming_sequence_Pu_27
73,G4DIP42,5'-[TGGCGACGGCAGCGAGGCTAGGGTTAGGGTTAGGGTTAGGGTTAG]-3',protection of telomeres 1,Q9NUX5,POTE1_HUMAN,24516170.0,MSLVPATNYIYTPLNQLKGGTIVNVYGVVKFFKPPYLSKGTDYCSVVTIVDQTNVKLTCLLFSGNYEALPIIYKNGDIVRFHRLKIQVYKKETQGITSSGFASLTFEGTLGAPIIPRTSSKYFNFTTEDHKMVEALRVWASTHMSPSWTLLKLCDVQPMQYFDLTCQLLGKAEVDGASFLLKVWDGTRTPFPSWRVLIQDLVLEGDLSHIHRLQNLTIDILVYDNHVHVARSLKVGSFLRIYSLHTKLQSMNSENQTMLSLEFHLHGGTSYGRGIRVLPESNSDVDQLKKDLESANLTANQHSDVICQSEPDDSFPSSGSVSLYEVERCQQLSATILTDHQYLERTPLCAILKQKAPQQYRIRAKLRSYKPRRLFQSVKLHCPKCHLLQEVPHEGDLDIIFQDGATKTPDVKLQNTSLYDSKIWTTKNQKGRKVAVHFVKNNGILPLSNECLLLIEGGTLSEICKLSNKFNSVIPVRSGHEDLELLDLSAPFLIQGTIHHYGCKQCSSLRSIQNLNSLVDKTSWIPSSVAEALGIVPLQYVFVMTFTLDDGTGVLEAYLMDSDKFFQIPASEVLMDDDLQKSVDMIMDMFCPPGIKIDAYPWLECFIKSYNVTNGTDNQICYQIFDTTVAEDVI,ssTEL_DNA
74,G4DIP43,5'-[TGGCGACGGCAGCGAGGCTAGGGTTAGGGTTAGGGTTAGGGTTAG]-3',tripeptidyl peptidase I,Q96AP0,ACD_HUMAN,24516170.0,MAGSGRLVLRPWIRELILGSETPSSPRAGQLLEVLQDAEAAVAGPSHAPDTSDVGATLLVSDGTHSVRCLVTREALDTSDWEEKEFGFRGTEGRLLLLQDCGVHVQVAEGGAPAEFYLQVDRFSLLPTEQPRLRVPGCNQDLDVQKKLYDCLEEHLSESTSSNAGLSLSQLLDEMREDQEHQGALVCLAESCLTLEGPCTAPPVTHWAASRCKATGEAVYTVPSSMLCISENDQLILSSLGPCQRTQGPELPPPDPALQDLSLTLIASPPSSPSSSGTPALPGHMSSEESGTSISLLPALSLAAPDPGQRSSSQPSPAICSAPATLTPRSPHASRTPSSPLQSCTPSLSPRSHVPSPHQALVTRPQKPSLEFKEFVGLPCKNRPPFPRTGATRGAQEPCSVWEPPKRHRDGSAFQYEYEPPCTSLCARVQAVRLPPQLMAWALHFLMDAQPGSEPTPM,ssTEL_DNA
75,G4DIP44,5'-[A(GGGTTA)3GGG]-3',thick tail,Q9UBP0,SPAST_HUMAN,23909872.0,MNSPGGRGKKKGSGGASNPVPPRPPPPCLAPAPPAAGPAPPPESPHKRNLYYFSYPLFVGFALLRLVAFHLGLLFVWLCQRFSRALMAAKRSSGAAPAPASASAPAPVPGGEAERVRVFHKQAFEYISIALRIDEDEKAGQKEQAVEWYKKGIEELEKGIAVIVTGQGEQCERARRLQAKMMTNLVMAKDRLQLLEKMQPVLPFSKSQTDVYNDSTNLACRNGHLQSESGAVPKRKDPLTHTSNSLPRSKTVMKTGSAGLSGHHRAPSYSGLSMVSGVKQGSGPAPTTHKGTPKTNRTNKPSTPTTATRKKKDLKNFRNVDSNLANLIMNEIVDNGTAVKFDDIAGQDLAKQALQEIVILPSLRPELFTGLRAPARGLLLFGPPGNGKTMLAKAVAAESNATFFNISAASLTSKYVGEGEKLVRALFAVARELQPSIIFIDEVDSLLCERREGEHDASRRLKTEFLIEFDGVQSAGDDRVLVMGATNRPQELDEAVLRRFIKRVYVSLPNEETRLLLLKNLLCKQGSPLTQKELAQLARMTDGYSGSDLTALAKDAALGPIRELKPEQVKNMSASEMRNIRLSDFTESLKKIKRSVSPQTLEAYIRWNKDFGDTTV,22AG_G_quadruplex_forming_DNA
76,G4DIP45,5'-[(GGGTTT)3GGG]-3',thick tail,Q9UBP1,SPAST_HUMAN,23909872.0,MPGLLLCEPTELYNILNQATKLSRLTDPNYLCLLDVRSKWEYDESHVITALRVKKKNNEYLLPESVDLECVKYCVVYDNNSSTLEILLKDDDDDSDSDGDGKDLVPQAAIEYGRILTRLTHHPVYILKGGYERFSGTYHFLRTQKIIWMPQELDAFQPYPIEIVPGKVFVGNFSQACDPKIQKDLKIKAHVNVSMDTGPFFAGDADKLLHIRIEDSPEAQILPFLRHMCHFIEIHHHLGSVILIFSTQGISRSCAAIIAYLMHSNEQTLQRSWAYVKKCKNNMCPNRGLVSQLLEWEKTILGDSITNIMDPLY,21G_G_quadruplex_forming_DNA
77,G4DIP46,5'-[(GGGTTA)3GGGT]-3',thick tail,Q9UBP2,SPAST_HUMAN,23909872.0,MTPLVSRLSRLWAIMRKPRAAVGSGHRKQAASQEGRQKHAKNNSQAKPSACDGMIAECPGAPAGLARQPEEVVLQASVSSYHLFRDVAEVTAFRGSLLSWYDQEKRDLPWRRRAEDEMDLDRRAYAVWVSEVMLQQTQVATVINYYTGWMQKWPTLQDLASASLEEVNQLWAGLGYYSRGRRLQEGARKVVEELGGHMPRTAETLQQLLPGVGRYTAGAIASIAFGQATGVVDGNVARVLCRVRAIGADPSSTLVSQQLWGLAQQLVDPARPGDFNQAAMELGATVCTPQRPLCSQCPVESLCRARQRVEQEQLLASGSLSGSPDVEECAPNTGQCHLCLPPSEPWDQTLGVVNFPRKASRKPPREESSATCVLEQPGALGAQILLVQRPNSGLLAGLWEFPSVTWEPSEQLQRKALLQELQRWAGPLPATHLRHLGEVVHTFSHIKLTYQVYGLALEGQTPVTTVPPGARWLTQEEFHTAAVSTAMKKVFRVYQGQQPGTCMGSKRSQVSSPCSRKKPRMGQQVLDNFFRSHISTDAHSLNSAAQ,22GT
78,G4DIP47,5'-[A(GGGTTA)7GGG]-3',thick tail,Q9UBP3,SPAST_HUMAN,23909872.0,MRLLTLLGLLCGSVATPLGPKWPEPVFGRLASPGFPGEYANDQERRWTLTAPPGYRLRLYFTHFDLELSHLCEYDFVKLSSGAKVLATLCGQESTDTERAPGKDTFYSLGSSLDITFRSDYSNEKPFTGFEAFYAAEDIDECQVAPGEAPTCDHHCHNHLGGFYCSCRAGYVLHRNKRTCSALCSGQVFTQRSGELSSPEYPRPYPKLSSCTYSISLEEGFSVILDFVESFDVETHPETLCPYDFLKIQTDREEHGPFCGKTLPHRIETKSNTVTITFVTDESGDHTGWKIHYTSTAQPCPYPMAPPNGHVSPVQAKYILKDSFSIFCETGYELLQGHLPLKSFTAVCQKDGSWDRPMPACSIVDCGPPDDLPSGRVEYITGPGVTTYKAVIQYSCEETFYTMKVNDGKYVCEADGFWTSSKGEKSLPVCEPVCGLSARTTGGRIYGGQKAKPGDFPWQVLILGGTTAAGALLYDNWVLTAAHAVYEQKHDASALDIRMGTLKRLSPHYTQAWSEAVFIHEGYTHDAGFDNDIALIKLNNKVVINSNITPICLPRKEAESFMRTDDIGTASGWGLTQRGFLARNLMYVDIPIVDHQKCTAAYEKPPYPRGSVTANMLCAGLESGGKDSCRGDSGGALVFLDSETERWFVGGIVSWGSMNCGEAGQYGVYTKVINYIPWIENIISDF,46AG
79,G4DIP48,5'-[(GGGTTA)7GGG]-3',thick tail,Q9UBP4,SPAST_HUMAN,23909872.0,MQRLGATLLCLLLAAAVPTAPAPAPTATSAPVKPGPALSYPQEEATLNEMFREVEELMEDTQHKLRSAVEEMEAEEAAAKASSEVNLANLPPSYHNETNTDTKVGNNTIHVHREIHKITNNQTGQMVFSETVITSVGDEEGRRSHECIIDEDCGPSMYCQFASFQYTCQPCRGQRMLCTRDSECCGDQLCVWGHCTKMATRGSNGTICDNQRDCQPGLCCAFQRGLLFPVCTPLPVEGELCHDPASRLLDLITWELEPDGALDRCPCASGLLCQPHSHSLVYVCKPTFVGSRDQDGEILLPREVPDEYEVGSFMEEVRQELEDLERSLTEEMALREPAAAAAALLGGEEI,45G
80,G4DIP49,5'-[TAGGG(TTAGGG)3]-3',cathelicidin antimicrobial peptide,P49913,CAMP_HUMAN,23636272.0,MKTQRDGHSLGRWSLVLLLLGLVMPLAIIAQVLSYKEAVLRAIDGINQRSSDANLYRLLDLDPRPTMDGDPDTPKPVSFTVKETVCPRTTQQSPEDCDFKKDGLVKRCMGTVTLNQARGSFDISCDKDNKRFALLGDFFRKSKEKIGKEFKRIVQRIKDFLRNLVPRTES,P4_quadruplex
81,G4DIP5,5'-[TTTTTGGGGACTTTCCAGGGAGGCGTGGCCTGTGCGGGACTGGGGAGTGGTTTTT]-3',NCL(nucleolin),P19338,NUCL_HUMAN,26354862.0,MVKLAKAGKNQGDPKKMAPPPKEVEEDSEDEEMSEDEEDDSSGEEVVIPQKKGKKAAATSAKKVVVSPTKKVAVATPAKKAAVTPGKKAAATPAKKTVTPAKAVTTPGKKGATPGKALVATPGKKGAAIPAKGAKNGKNAKKEDSDEEEDDDSEEDEEDDEDEDEDEDEIEPAAMKAAAAAPASEDEDDEDDEDDEDDDDDEEDDSEEEAMETTPAKGKKAAKVVPVKAKNVAEDEDEEEDDEDEDDDDDEDDEDDDDEDDEEEEEEEEEEPVKEAPGKRKKEMAKQKAAPEAKKQKVEGTEPTTAFNLFVGNLNFNKSAPELKTGISDVFAKNDLAVVDVRIGMTRKFGYVDFESAEDLEKALELTGLKVFGNEIKLEKPKGKDSKKERDARTLLAKNLPYKVTQDELKEVFEDAAEIRLVSKDGKSKGIAYIEFKTEADAEKTFEEKQGTEIDGRSISLYYTGEKGQNQDYRGGKNSTWSGESKTLVLSNLSYSATEETLQEVFEKATFIKVPQNQNGKSKGYAFIEFASFEDAKEALNSCNKREIEGRAIRLELQGPRGSPNARSQPSKTLFVKGLSEDTTEETLKESFDGSVRARIVTDRETGSSKGFGFVDFNSEEDAKAAKEAMEDGEIDGNKVTLDWAKPKGEGGFGGRGGGRGGFGGRGGGRGGRGGFGGRGRGGFGGRGGFRGGRGGGGDHKPQGKKTKFE,LTR_II_III_IV
82,G4DIP50,5'-[TAGGG(TTAGGG)TT]-3',RAD51 recombinase,P0A7G6,RECA_ECOLI,23662701.0,MAIDENKQKALAAALGQIEKQFGKGSIMRLGEDRSMDVETISTGSLSLDIALGAGGLPMGRIVEIYGPESSGKTTLTLQVIAAAQREGKTCAFIDAEHALDPIYARKLGVDIDNLLCSQPDTGEQALEICDALARSGAVDVIVVDSVAALTPKAEIEGEIGDSHMGLAARMMSQAMRKLAGNLKQSNTLLIFINQIRMKIGVMFGNPETTTGGNALKFYASVRLDIRRIGAVKEGENVVGSETRVKVVKNKIAAPFKQAEFQILYGEGINFYGELVDLGVKEKLIEKAGAWYSYKGEKIGQGKANATAWLKDNPETAKEIEKKVRELLLSNPNSTPDFSVDDSEGVAETNEDF,Gquadruplex_DNA
84,G4DIP52,repetitive TTAGGG,telomeric repeat binding factor 1,P54274,TERF1_HUMAN,23604072.0,MAEDVSSAAPSPRGCADGRDADPTEEQMAETERNDEEQFECQELLECQVQVGAPEEEEEEEEDAGLVAEAEAVAAGWMLDFLCLSLCRAFRDGRSEDFRRTRNSAEAIIHGLSSLTACQLRTIYICQFLTRIAAGKTLDAQFENDERITPLESALMIWGSIEKEHDKLHEEIQNLIKIQAIAVCMENGNFKEAEEVFERIFGDPNSHMPFKSKLLMIISQKDTFHSFFQHFSYNHMMEKIKSYVNYVLSEKSSTFLMKAAAKVVESKRTRTITSQDKPSGNDVEMETEANLDTRKSVSDKQSAVTESSEGTVSLLRSHKNLFLSKLQHGTQQQDLNKKERRVGTPQSTKKKKESRRATESRIPVSKSQPVTPEKHRARKRQAWLWEEDKNLRSGVRKYGEGNWSKILLHYKFNNRTSVMLKDRWRTMKKLKLISSDSED,G_quadruplex__G4_telomeric_DNA
85,G4DIP53,repetitive TTAGGG,telomeric repeat binding factor 2,Q15554,TERF2_HUMAN,23604072.0,MAAGAGTAGPASGPGVVRDPAASQPRKRPGREGGEGARRSDTMAGGGGSSDGSGRAAGRRASRSSGRARRGRHEPGLGGPAERGAGEARLEEAVNRWVLKFYFHEALRAFRGSRYGDFRQIRDIMQALLVRPLGKEHTVSRLLRVMQCLSRIEEGENLDCSFDMEAELTPLESAINVLEMIKTEFTLTEAVVESSRKLVKEAAVIICIKNKEFEKASKILKKHMSKDPTTQKLRNDLLNIIREKNLAHPVIQNFSYETFQQKMLRFLESHLDDAEPYLLTMAKKALKSESAASSTGKEDKQPAPGPVEKPPREPARQLRNPPTTIGMMTLKAAFKTLSGAQDSEAAFAKLDQKDLVLPTQALPASPALKNKRPRKDENESSAPADGEGGSELQPKNKRMTISRLVLEEDSQSTEPSAGLNSSQEAASAPPSKPTVLNQPLPGEKNPKVPKGKWNSSNGVEEKETWVEEDELFQVQAAPDEDSTTNITKKQKWTVEESEWVKAGVQKYGEGNWAAISKNYPFVNRTAVMIKDRWRTMKRLGMN,G_quadruplex__G4_telomeric_DNA
86,G4DIP54,repetitive TTAGGG,protection of telomeres 1,Q9NUX5,POTE1_HUMAN,23604072.0,MSLVPATNYIYTPLNQLKGGTIVNVYGVVKFFKPPYLSKGTDYCSVVTIVDQTNVKLTCLLFSGNYEALPIIYKNGDIVRFHRLKIQVYKKETQGITSSGFASLTFEGTLGAPIIPRTSSKYFNFTTEDHKMVEALRVWASTHMSPSWTLLKLCDVQPMQYFDLTCQLLGKAEVDGASFLLKVWDGTRTPFPSWRVLIQDLVLEGDLSHIHRLQNLTIDILVYDNHVHVARSLKVGSFLRIYSLHTKLQSMNSENQTMLSLEFHLHGGTSYGRGIRVLPESNSDVDQLKKDLESANLTANQHSDVICQSEPDDSFPSSGSVSLYEVERCQQLSATILTDHQYLERTPLCAILKQKAPQQYRIRAKLRSYKPRRLFQSVKLHCPKCHLLQEVPHEGDLDIIFQDGATKTPDVKLQNTSLYDSKIWTTKNQKGRKVAVHFVKNNGILPLSNECLLLIEGGTLSEICKLSNKFNSVIPVRSGHEDLELLDLSAPFLIQGTIHHYGCKQCSSLRSIQNLNSLVDKTSWIPSSVAEALGIVPLQYVFVMTFTLDDGTGVLEAYLMDSDKFFQIPASEVLMDDDLQKSVDMIMDMFCPPGIKIDAYPWLECFIKSYNVTNGTDNQICYQIFDTTVAEDVI,G_quadruplex__G4_telomeric_DNA
87,G4DIP55,repetitive TTAGGG,tripeptidyl peptidase 1,Q96AP0,ACD_HUMAN,23604072.0,MAGSGRLVLRPWIRELILGSETPSSPRAGQLLEVLQDAEAAVAGPSHAPDTSDVGATLLVSDGTHSVRCLVTREALDTSDWEEKEFGFRGTEGRLLLLQDCGVHVQVAEGGAPAEFYLQVDRFSLLPTEQPRLRVPGCNQDLDVQKKLYDCLEEHLSESTSSNAGLSLSQLLDEMREDQEHQGALVCLAESCLTLEGPCTAPPVTHWAASRCKATGEAVYTVPSSMLCISENDQLILSSLGPCQRTQGPELPPPDPALQDLSLTLIASPPSSPSSSGTPALPGHMSSEESGTSISLLPALSLAAPDPGQRSSSQPSPAICSAPATLTPRSPHASRTPSSPLQSCTPSLSPRSHVPSPHQALVTRPQKPSLEFKEFVGLPCKNRPPFPRTGATRGAQEPCSVWEPPKRHRDGSAFQYEYEPPCTSLCARVQAVRLPPQLMAWALHFLMDAQPGSEPTPM,G_quadruplex__G4_telomeric_DNA
88,G4DIP56,repetitive TTAGGG,TERF1 (TRF1)-interacting nuclear factor 2,Q15554,TERF2_HUMAN,23604072.0,MAAGAGTAGPASGPGVVRDPAASQPRKRPGREGGEGARRSDTMAGGGGSSDGSGRAAGRRASRSSGRARRGRHEPGLGGPAERGAGEARLEEAVNRWVLKFYFHEALRAFRGSRYGDFRQIRDIMQALLVRPLGKEHTVSRLLRVMQCLSRIEEGENLDCSFDMEAELTPLESAINVLEMIKTEFTLTEAVVESSRKLVKEAAVIICIKNKEFEKASKILKKHMSKDPTTQKLRNDLLNIIREKNLAHPVIQNFSYETFQQKMLRFLESHLDDAEPYLLTMAKKALKSESAASSTGKEDKQPAPGPVEKPPREPARQLRNPPTTIGMMTLKAAFKTLSGAQDSEAAFAKLDQKDLVLPTQALPASPALKNKRPRKDENESSAPADGEGGSELQPKNKRMTISRLVLEEDSQSTEPSAGLNSSQEAASAPPSKPTVLNQPLPGEKNPKVPKGKWNSSNGVEEKETWVEEDELFQVQAAPDEDSTTNITKKQKWTVEESEWVKAGVQKYGEGNWAAISKNYPFVNRTAVMIKDRWRTMKRLGMN,G_quadruplex__G4_telomeric_DNA
89,G4DIP57,repetitive TTAGGG,TERF2 interacting protein,Q9BSI4,TINF2_HUMAN,23604072.0,MATPLVAGPAALRFAAAASWQVVRGRCVEHFPRVLEFLRSLRAVAPGLVRYRHHERLCMGLKAKVVVELILQGRPWAQVLKALNHHFPESGPIVRDPKATKQDLRKILEAQETFYQQVKQLSEAPVDLASKLQELEQEYGEPFLAAMEKLLFEYLCQLEKALPTPQAQQLQDVLSWMQPGVSITSSLAWRQYGVDMGWLLPECSVTDSVNLAEPMEQNPPQQQRLALHNPLPKAKPGTHLPQGPSSRTHPEPLAGRHFNLAPLGRRRVQSQWASTRGGHKERPTVMLFPFRNLGSPTQVISKPESKEEHAIYTADLAMGTRAASTGKSKSPCQTLGGRALKENPVDLPATEQKENCLDCYMDPLRLSLLPPRARKPVCPPSLCSSVITIGDLVLDSDEEENGQGEGKESLENYQKTKFDTLIPTLCEYLPPSGHGAIPVSSCDCRDSSRPL,G_quadruplex__G4_telomeric_DNA
90,G4DIP58,5'-[AGGG(TTAGGG)3]-3',FUS RNA binding protein,P35637,FUS_HUMAN,23521792.0,MASNDYTQQATQSYGAYPTQPGQGYSQQSSQPYGQQSYSGYSQSTDTSGYGQSSYSSYGQSQNTGYGTQSTPQGYGSTGGYGSSQSSQSSYGQQSSYPGYGQQPAPSSTSGSYGSSSQSSSYGQPQSGSYSQQPSYGGQQQSYGQQQSYNPPQGYGQQNQYNSSSGGGGGGGGGGNYGQDQSSMSSGGGSGGGYGNQDQSGGGGSGGYGQQDRGGRGRGGSGGGGGGGGGGYNRSSGGYEPRGRGGGRGGRGGMGGSDRGGFNKFGGPRDQGSRHDSEQDNSDNNTIFVQGLGENVTIESVADYFKQIGIIKTNKKTGQPMINLYTDRETGKLKGEATVSFDDPPSAKAAIDWFDGKEFSGNPIKVSFATRRADFNRGGGNGRGGRGRGGPMGRGGYGGGGSGGGGRGGFPSGGGGGGGQQRAGDWKCPNPTCENMNFSWRNECNQCKAPKPDGPGGGPGGSHMGGNYGDDRRGGRGGYDRGGYRGRGGDRGGFRGGRGGGDRGGFGPGKMDSRGEHRQDRRERPY,G_Quadruplex_Htelo_DNA
91,G4DIP59,5'-[GGGTCGGGGGGTGGGGCCCGGGCCGGGG]-3' (2957NT),"nucleophosmin (nucleolar phosphoprotein B23, numatrin)",P06748,NPM_HUMAN,23328624.0,MEDSMDMDMSPLRPQNYLFGCELKADKDYHFKVDNDENEHQLSLRTVSLGAGAKDELHIVEAEAMNYEGSPIKVTLATLKMSVQPTVSLGGFEITPPVVLRLKCGSGPVHISGQHLVAVEEDAESEDEEEEDVKLLSISGKRSAPGGGSKVPQKKVKLAADEDDDDDDEEDDDEDDDDDDFDDEEAEEKAPVKKSIRDTPAKNAQKSNQNGKDSKPSSTPRSKGQESFKKQEKTPKTPKGPSSVEDIKAKMQASIEKGGSLPKVEAKFINYVKNCFRMTDQEAIQDLWQWRKSL,G_quadruplex_DNA
92,G4DIP6,5'-[TTGGGTGGGTGGGTGGGT]-3',DEAH-box helicase,Q9H2U1,DHX36_HUMAN,26195789.0,MSYDYHQNWGRDGGPRSSGGGYGGGPAGGHGGNRGSGGGGGGGGGGRGGRGRHPGHLKGREIGMWYAKKQGQKNKEAERQERAVVHMDERREEQIVQLLNSVQAKNDKESEAQISWFAPEDHGYGTEVSTKNTPCSENKLDIQEKKLINQEKKMFRIRNRSYIDRDSEYLLQENEPDGTLDQKLLEDLQKKKNDLRYIEMQHFREKLPSYGMQKELVNLIDNHQVTVISGETGCGKTTQVTQFILDNYIERGKGSACRIVCTQPRRISAISVAERVAAERAESCGSGNSTGYQIRLQSRLPRKQGSILYCTTGIILQWLQSDPYLSSVSHIVLDEIHERNLQSDVLMTVVKDLLNFRSDLKVILMSATLNAEKFSEYFGNCPMIHIPGFTFPVVEYLLEDVIEKIRYVPEQKEHRSQFKRGFMQGHVNRQEKEEKEAIYKERWPDYVRELRRRYSASTVDVIEMMEDDKVDLNLIVALIRYIVLEEEDGAILVFLPGWDNISTLHDLLMSQVMFKSDKFLIIPLHSLMPTVNQTQVFKRTPPGVRKIVIATNIAETSITIDDVVYVIDGGKIKETHFDTQNNISTMSAEWVSKANAKQRKGRAGRVQPGHCYHLYNGLRASLLDDYQLPEILRTPLEELCLQIKILRLGGIAYFLSRLMDPPSNEAVLLSIRHLMELNALDKQEELTPLGVHLARLPVEPHIGKMILFGALFCCLDPVLTIAASLSFKDPFVIPLGKEKIADARRKELAKDTRSDHLTVVNAFEGWEEARRRGFRYEKDYCWEYFLSSNTLQMLHNMKGQFAEHLLGAGFVSSRNPKDPESNINSDNEKIIKAVICAGLYPKVAKIRLNLGKKRKMVKVYTKTDGLVAVHPKSVNVEQTDFHYNWLIYHLKMRTSSIYLYDCTEVSPYCLLFFGGDISIQKDNDQETIAVDEWIVFQSPARIAHLVKELRKELDILLQEKIESPHPVDWNDTKSRDCAVLSAIIDLIKTQEKATPRNFPPRFQDGYYS,T95_2T_Parallel_G_quadruplex
93,G4DIP60,5'-[AGGGAGGGAGACGGGGGGG]-3'(5701NT),"nucleophosmin (nucleolar phosphoprotein B23, numatrin)",P06748,NPM_HUMAN,23328624.0,MEDSMDMDMSPLRPQNYLFGCELKADKDYHFKVDNDENEHQLSLRTVSLGAGAKDELHIVEAEAMNYEGSPIKVTLATLKMSVQPTVSLGGFEITPPVVLRLKCGSGPVHISGQHLVAVEEDAESEDEEEEDVKLLSISGKRSAPGGGSKVPQKKVKLAADEDDDDDDEEDDDEDDDDDDFDDEEAEEKAPVKKSIRDTPAKNAQKSNQNGKDSKPSSTPRSKGQESFKKQEKTPKTPKGPSSVEDIKAKMQASIEKGGSLPKVEAKFINYVKNCFRMTDQEAIQDLWQWRKSL,G_quadruplex_DNA
94,G4DIP61,5'-[GGGTGGCGGGGGGGAGAGGGGGG ]-3'(6960NT),"nucleophosmin (nucleolar phosphoprotein B23, numatrin)",P06748,NPM_HUMAN,23328624.0,MEDSMDMDMSPLRPQNYLFGCELKADKDYHFKVDNDENEHQLSLRTVSLGAGAKDELHIVEAEAMNYEGSPIKVTLATLKMSVQPTVSLGGFEITPPVVLRLKCGSGPVHISGQHLVAVEEDAESEDEEEEDVKLLSISGKRSAPGGGSKVPQKKVKLAADEDDDDDDEEDDDEDDDDDDFDDEEAEEKAPVKKSIRDTPAKNAQKSNQNGKDSKPSSTPRSKGQESFKKQEKTPKTPKGPSSVEDIKAKMQASIEKGGSLPKVEAKFINYVKNCFRMTDQEAIQDLWQWRKSL,G_quadruplex_DNA
95,G4DIP62,5'-[GGGGTGGGGGGGAGGG ]-3'(13079NT),"nucleophosmin (nucleolar phosphoprotein B23, numatrin)",P06748,NPM_HUMAN,23328624.0,MEDSMDMDMSPLRPQNYLFGCELKADKDYHFKVDNDENEHQLSLRTVSLGAGAKDELHIVEAEAMNYEGSPIKVTLATLKMSVQPTVSLGGFEITPPVVLRLKCGSGPVHISGQHLVAVEEDAESEDEEEEDVKLLSISGKRSAPGGGSKVPQKKVKLAADEDDDDDDEEDDDEDDDDDDFDDEEAEEKAPVKKSIRDTPAKNAQKSNQNGKDSKPSSTPRSKGQESFKKQEKTPKTPKGPSSVEDIKAKMQASIEKGGSLPKVEAKFINYVKNCFRMTDQEAIQDLWQWRKSL,G_quadruplex_DNA
96,G4DIP63,5'-[GGGGTGGGGGGGAGGG ]-3'(13079NT),"nucleophosmin (nucleolar phosphoprotein B23, numatrin)",P06748,NPM_HUMAN,23328624.0,MEDSMDMDMSPLRPQNYLFGCELKADKDYHFKVDNDENEHQLSLRTVSLGAGAKDELHIVEAEAMNYEGSPIKVTLATLKMSVQPTVSLGGFEITPPVVLRLKCGSGPVHISGQHLVAVEEDAESEDEEEEDVKLLSISGKRSAPGGGSKVPQKKVKLAADEDDDDDDEEDDDEDDDDDDFDDEEAEEKAPVKKSIRDTPAKNAQKSNQNGKDSKPSSTPRSKGQESFKKQEKTPKTPKGPSSVEDIKAKMQASIEKGGSLPKVEAKFINYVKNCFRMTDQEAIQDLWQWRKSL,G_quadruplex_DNA
98,G4DIP65,5'-[(TTAGGG)3]-3',heterogeneous nuclear ribonucleoprotein A2/B1,P22626,ROA2_HUMAN,23184978.0,MEKTLETVPLERKKREKEQFRKLFIGGLSFETTEESLRNYYEQWGKLTDCVVMRDPASKRSRGFGFVTFSSMAEVDAAMAARPHSIDGRVVEPKRAVAREESGKPGAHVTVKKLFVGGIKEDTEEHHLRDYFEEYGKIDTIEIITDRQSGKKRGFGFVTFDDHDPVDKIVLQKYHTINGHNAEVRKALSRQEMQEVQSSRSGRGGNFGFGDSRGGGGNFGPGPGSNFRGGSDGYGSGRGFGDGYNGYGGGPGGGNFGGSPGYGGGRGGYGGGGPGYGNQGGGYGGGYDNYGGGNYGSGNYNDFGNYNQQPSNYGPMKSGNFGGSRNMGGPYGGGNYGPGGSGGSGGYGGRSRY,G_quadruplex_DNA
100,G4DIP67,5'-[TAGGGGAAGGGTTGGAGTGGGTT]-3',replication protein A1 ( C domain),P15927,RFA2_HUMAN,21772995.0,MWNSGFESYGSSSYGGAGGYTQSPGGFGSPAPSQAEKKSRARAQHIVPCTISQLLSATLVDEVFRIGNVEISQVTIVGIIRHAEKAPTNIVYKIDDMTAAPMDVRQWVDTDDTSSENTVVPPETYVKVAGHLRSFQNKKSLVAFKIMPLEDMNEFTTHILEVINAHMVLSKANSQPSAGRAPISNPGMSEAGNFGGNSFMPANGLTVAQNQVLNLIKACPRPEGLNFQDLKNQLKHMSVSSIKQAVDFLSNEGHIYSTVDDDHFKSTDAE,Gq23
101,G4DIP68,5'-[TAGGGGAAGGGTTGGAGTGGGTT]-3',replication protein A1,P27694,RFA1_HUMAN,21772995.0,MVGQLSEGAIAAIMQKGDTNIKPILQVINIRPITTGNSPPRYRLLMSDGLNTLSSFMLATQLNPLVEEEQLSSNCVCQIHRFIVNTLKDGRRVVILMELEVLKSAEAVGVKIGNPVPYNEGLGQPQVAPPAPAASPAASSRPQPQNGSSGMGSTVSKAYGASKTFGKAAGPSLSHTSGGTQSKVVPIASLTPYQSKWTICARVTNKSQIRTWSNSRGEGKLFSLELVDESGEIRATAFNEQVDKFFPLIEVNKVYYFSKGTLKIANKQFTAVKNDYEMTFNNETSVMPCEDDHHLPTVQFDFTGIDDLENKSKDSLVDIIGICKSYEDATKITVRSNNREVAKRNIYLMDTSGKVVTATLWGEDADKFDGSRQPVLAIKGARVSDFGGRSLSVLSSSTIIANPDIPEAYKLRGWFDAEGQALDGVSISDLKSGGVGGSNTNWKTLYEVKSENLGQGDKPDYFSSVATVVYLRKENCMYQACPTQDCNKKVIDQQNGLYRCEKCDTEFPNFKYRMILSVNIADFQENQWVTCFQESAEAILGQNAAYLGELKDKNEQAFEEVFQNANFRSFIFRVRVKVETYNDESRIKATVMDVKPVDYREYGRRLVMSIRRSALM,Gq23
102,G4DIP69,5?-[TGGGGAGGGTGGGGAGGGTGGGGAAGG]-3',nucleolin,P19338,NUCL_HUMAN,20932061.0,MVKLAKAGKNQGDPKKMAPPPKEVEEDSEDEEMSEDEEDDSSGEEVVIPQKKGKKAAATSAKKVVVSPTKKVAVATPAKKAAVTPGKKAAATPAKKTVTPAKAVTTPGKKGATPGKALVATPGKKGAAIPAKGAKNGKNAKKEDSDEEEDDDSEEDEEDDEDEDEDEDEIEPAAMKAAAAAPASEDEDDEDDEDDEDDDDDEEDDSEEEAMETTPAKGKKAAKVVPVKAKNVAEDEDEEEDDEDEDDDDDEDDEDDDDEDDEEEEEEEEEEPVKEAPGKRKKEMAKQKAAPEAKKQKVEGTEPTTAFNLFVGNLNFNKSAPELKTGISDVFAKNDLAVVDVRIGMTRKFGYVDFESAEDLEKALELTGLKVFGNEIKLEKPKGKDSKKERDARTLLAKNLPYKVTQDELKEVFEDAAEIRLVSKDGKSKGIAYIEFKTEADAEKTFEEKQGTEIDGRSISLYYTGEKGQNQDYRGGKNSTWSGESKTLVLSNLSYSATEETLQEVFEKATFIKVPQNQNGKSKGYAFIEFASFEDAKEALNSCNKREIEGRAIRLELQGPRGSPNARSQPSKTLFVKGLSEDTTEETLKESFDGSVRARIVTDRETGSSKGFGFVDFNSEEDAKAAKEAMEDGEIDGNKVTLDWAKPKGEGGFGGRGGGRGGFGGRGGGRGGRGGFGGRGRGGFGGRGGFRGGRGGGGDHKPQGKKTKFE,c_MYC_G_Quadruplex
103,G4DIP7,5'-[TAGGGTTAGGGTTAGGGTTAGGG]-3',DEAH-box helicase,Q9H2U2,DHX36_HUMAN,26195789.0,MSALLRLLRTGAPAAACLRLGTSAGTGSRRAMALYHTEERGQPCSQNYRLFFKNVTGHYISPFHDIPLKVNSKEENGIPMKKARNDEYENLFNMIVEIPRWTNAKMEIATKEPMNPIKQYVKDGKLRYVANIFPYKGYIWNYGTLPQTWEDPHEKDKSTNCFGDNDPIDVCEIGSKILSCGEVIHVKILGILALIDEGETDWKLIAINANDPEASKFHDIDDVKKFKPGYLEATLNWFRLYKVPDGKPENQFAFNGEFKNKAFALEVIKSTHQCWKALLMKKCNGGAINCTNVQISDSPFRCTQEEARSLVESVSSSPNKESNEEEQVWHFLGK,Htelo1_Parallel_G_quadruplex
104,G4DIP70,5'-[TTAGGG]-3',heterogeneous nuclear ribonucleoprotein A1,P09651,ROA1_HUMAN,20213319.0,MSKSESPKEPEQLRKLFIGGLSFETTDESLRSHFEQWGTLTDCVVMRDPNTKRSRGFGFVTYATVEEVDAAMNARPHKVDGRVVEPKRAVSREDSQRPGAHLTVKKIFVGGIKEDTEEHHLRDYFEQYGKIEVIEIMTDRGSGKKRGFAFVTFDDHDSVDKIVIQKYHTVNGHNCEVRKALSKQEMASASSSQRGRSGSGNFGGGRGGGFGGNDNFGRGGNFSGRGGFGGSRGGGGYGGSGDGYNGFGNDGGYGGGGPGYSGGSRGYGSGGQGYGNQGSGYGGSGSYDSYNNGGGGGFGGGSGSNFGGGGSYNDFGNYNNQSSNFGPMKGGNFGGRSSGPYGGGGQYFAKPRNQGGYGGSSSSSSYGSGRRF,G_quadruplex_telomeric_DNA
105,G4DIP71,5'-[TTAGGG]-3',"secretoglobin family 1A member 1,heterogeneous nuclear ribonucleoprotein A1",P09651,ROA1_HUMAN,20213319.0,MSKSESPKEPEQLRKLFIGGLSFETTDESLRSHFEQWGTLTDCVVMRDPNTKRSRGFGFVTYATVEEVDAAMNARPHKVDGRVVEPKRAVSREDSQRPGAHLTVKKIFVGGIKEDTEEHHLRDYFEQYGKIEVIEIMTDRGSGKKRGFAFVTFDDHDSVDKIVIQKYHTVNGHNCEVRKALSKQEMASASSSQRGRSGSGNFGGGRGGGFGGNDNFGRGGNFSGRGGFGGSRGGGGYGGSGDGYNGFGNDGGYGGGGPGYSGGSRGYGSGGQGYGNQGSGYGGSGSYDSYNNGGGGGFGGGSGSNFGGGGSYNDFGNYNNQSSNFGPMKGGNFGGRSSGPYGGGGQYFAKPRNQGGYGGSSSSSSYGSGRRF,G_quadruplex_telomeric_DNA
106,G4DIP72,5'-[(ACAGGGGTGTGGGG)2]-3',insulin like growth factor 2,P01344,IGF2_HUMAN,19747845.0,MGIPMGKSMLVLLTFLAFASCCIAAYRPSETLCGGELVDTLQFVCGDRGFYFSRPASRVSRRSRGIVEECCFRSCDLALLETYCATPAKSERDVSTPPTVLPDNFPRYPVGKFFQYDTWKQSTQRLRRGLPALLRARRGHVLAKELEAFREAKRHRPLIALPTQDPAHGGAPPEMASNRK,ILPR_insulin_linked_polymorphic_region__ILPR_of_the_human_insulin_gene_promotera_G_quadruplex_DNA
107,G4DIP73,5'-[(ACAGGGGTGTGGGC)2]-3',insulin like growth factor 2,P01344,IGF2_HUMAN,19747845.0,MGIPMGKSMLVLLTFLAFASCCIAAYRPSETLCGGELVDTLQFVCGDRGFYFSRPASRVSRRSRGIVEECCFRSCDLALLETYCATPAKSERDVSTPPTVLPDNFPRYPVGKFFQYDTWKQSTQRLRRGLPALLRARRGHVLAKELEAFREAKRHRPLIALPTQDPAHGGAPPEMASNRK,ILPR_insulin_linked_polymorphic_region__ILPR_of_the_human_insulin_gene_promoterh_G_quadruplex_DNA
108,G4DIP74,5'-[ACAGGGTCCTGGGG)2]-3',insulin like growth factor 2,P01344,IGF2_HUMAN,19747845.0,MGIPMGKSMLVLLTFLAFASCCIAAYRPSETLCGGELVDTLQFVCGDRGFYFSRPASRVSRRSRGIVEECCFRSCDLALLETYCATPAKSERDVSTPPTVLPDNFPRYPVGKFFQYDTWKQSTQRLRRGLPALLRARRGHVLAKELEAFREAKRHRPLIALPTQDPAHGGAPPEMASNRK,ILPR_insulin_linked_polymorphic_region__ILPR_of_the_human_insulin_gene_promoteri_G_quadruplex_DNA
109,G4DIP75,5'-[GGGGCGCTTATGGGGAGGGTGGGGAGGGTGGGGAAGGTGGGGAGGAG]-3',NCL (nucleolin),P19338,NUCL_HUMAN,19581307.0,MVKLAKAGKNQGDPKKMAPPPKEVEEDSEDEEMSEDEEDDSSGEEVVIPQKKGKKAAATSAKKVVVSPTKKVAVATPAKKAAVTPGKKAAATPAKKTVTPAKAVTTPGKKGATPGKALVATPGKKGAAIPAKGAKNGKNAKKEDSDEEEDDDSEEDEEDDEDEDEDEDEIEPAAMKAAAAAPASEDEDDEDDEDDEDDDDDEEDDSEEEAMETTPAKGKKAAKVVPVKAKNVAEDEDEEEDDEDEDDDDDEDDEDDDDEDDEEEEEEEEEEPVKEAPGKRKKEMAKQKAAPEAKKQKVEGTEPTTAFNLFVGNLNFNKSAPELKTGISDVFAKNDLAVVDVRIGMTRKFGYVDFESAEDLEKALELTGLKVFGNEIKLEKPKGKDSKKERDARTLLAKNLPYKVTQDELKEVFEDAAEIRLVSKDGKSKGIAYIEFKTEADAEKTFEEKQGTEIDGRSISLYYTGEKGQNQDYRGGKNSTWSGESKTLVLSNLSYSATEETLQEVFEKATFIKVPQNQNGKSKGYAFIEFASFEDAKEALNSCNKREIEGRAIRLELQGPRGSPNARSQPSKTLFVKGLSEDTTEETLKESFDGSVRARIVTDRETGSSKGFGFVDFNSEEDAKAAKEAMEDGEIDGNKVTLDWAKPKGEGGFGGRGGGRGGFGGRGGGRGGRGGFGGRGRGGFGGRGGFRGGRGGGGDHKPQGKKTKFE,c_myc_G_quadruplex_DNA
110,G4DIP76,5'-[AGGGCGGTGTGGGAAGAGGGAAGAGGGGGAGG]-3',poly(ADP-ribose) polymerase 1,P09874,PARP1_HUMAN,19282454.0,MAESSDKLYRVEYAKSGRASCKKCSESIPKDSLRMAIMVQSPMFDGKVPHWYHFSCFWKVGHSIRHPDVEVDGFSELRWDDQQKVKKTAEAGGVTGKGQDGIGSKAEKTLGDFAAEYAKSNRSTCKGCMEKIEKGQVRLSKKMVDPEKPQLGMIDRWYHPGCFVKNREELGFRPEYSASQLKGFSLLATEDKEALKKQLPGVKSEGKRKGDEVDGVDEVAKKKSKKEKDKDSKLEKALKAQNDLIWNIKDELKKVCSTNDLKELLIFNKQQVPSGESAILDRVADGMVFGALLPCEECSGQLVFKSDAYYCTGDVTAWTKCMVKTQTPNRKEWVTPKEFREISYLKKLKVKKQDRIFPPETSASVAATPPPSTASAPAAVNSSASADKPLSNMKILTLGKLSRNKDEVKAMIEKLGGKLTGTANKASLCISTKKEVEKMNKKMEEVKEANIRVVSEDFLQDVSASTKSLQELFLAHILSPWGAEVKAEPVEVVAPRGKSGAALSKKSKGQVKEEGINKSEKRMKLTLKGGAAVDPDSGLEHSAHVLEKGGKVFSATLGLVDIVKGTNSYYKLQLLEDDKENRYWIFRSWGRVGTVIGSNKLEQMPSKEDAIEHFMKLYEEKTGNAWHSKNFTKYPKKFYPLEIDYGQDEEAVKKLTVNPGTKSKLPKPVQDLIKMIFDVESMKKAMVEYEIDLQKMPLGKLSKRQIQAAYSILSEVQQAVSQGSSDSQILDLSNRFYTLIPHDFGMKKPPLLNNADSVQAKVEMLDNLLDIEVAYSLLRGGSDDSSKDPIDVNYEKLKTDIKVVDRDSEEAEIIRKYVKNTHATTHNAYDLEVIDIFKIEREGECQRYKPFKQLHNRRLLWHGSRTTNFAGILSQGLRIAPPEAPVTGYMFGKGIYFADMVSKSANYCHTSQGDPIGLILLGEVALGNMYELKHASHISKLPKGKHSVKGLGKTTPDPSANISLDGVDVPLGTGISSGVNDTSLLYNEYIVYDIAQVNLKYLLKLKFNFKTSLW,parallel_G_quadruplex_structure__called_32R_present_in_KRAS_proto_oncogene
111,G4DIP77,5'-[AGGGCGGTGTGGGAAGAGGGAAGAGGGGGAGG]-3',X-ray repair complementing defective repair in Chinese hamster cells 6,Q9QVN9,Q9QVN9_CRIGR,19282454.0,MSGWESYYKTEGEEEEEEEESPDPGGEYKYSGRDSLIFLVDASRAMFDSQGEDEITPFDMSIQCIQSVYTSKIISSNRDLLGVVFYGTEKDKNSVNFKNIYVLQELDNPGAKRVLELDQFKGQQGKKHFQDTIGHGSDYSLSEVLWVCANLFSDVQVKMSHKRIMLFTNEDDPHGNDSAKASRARTKANDLRDTGIFLDLMHLKRRGGFDISLFYRDIMSIAEDEDLGVHFEESSKLEDLLRKVRAKETKKRVLSRLRFKLGKDVALMVGIYNLIQKANKPFPVRLYRETNEPVKTKTRTFNVNTGSLLLPSDTKRSQTYGSRQIVLEKEETEELKRFDEPGLILMGFKALVMLKKHHYLRPSLFVYPEESLVNGSSTLFSALLTKCLEKEVMAVCRYTSRKNVPPYFVALVPQEEELDDQNIQVTPAGFQLVFLPYADDKRKVPFTEKVMANPEQIDKMKAIVHNVRFTYRSDSFENPVLQQHFRNLEALALDMMESEQVVDLTLPKAEAIKKRLGSLADEFKELVYPPGYNPEGKATKRKQDDEGSASKKPKEELSEEELKAHFAKGTLGKLTVPTLKEVCKAYGLKSGPKKQELLDALTRHFQKN,parallel_G_quadruplex_structure__called_32R_present_in_KRAS_proto_oncogene
112,G4DIP78,5'-[AGGGCGGTGTGGGAAGAGGGAAGAGGGGGAGG]-3',heterogeneous nuclear ribonucleoprotein A1,P09651,ROA1_HUMAN,19282454.0,MSKSESPKEPEQLRKLFIGGLSFETTDESLRSHFEQWGTLTDCVVMRDPNTKRSRGFGFVTYATVEEVDAAMNARPHKVDGRVVEPKRAVSREDSQRPGAHLTVKKIFVGGIKEDTEEHHLRDYFEQYGKIEVIEIMTDRGSGKKRGFAFVTFDDHDSVDKIVIQKYHTVNGHNCEVRKALSKQEMASASSSQRGRSGSGNFGGGRGGGFGGNDNFGRGGNFSGRGGFGGSRGGGGYGGSGDGYNGFGNDGGYGGGGPGYSGGSRGYGSGGQGYGNQGSGYGGSGSYDSYNNGGGGGFGGGSGSNFGGGGSYNDFGNYNNQSSNFGPMKGGNFGGRSSGPYGGGGQYFAKPRNQGGYGGSSSSSSYGSGRRF,parallel_G_quadruplex_structure__called_32R_present_in_KRAS_proto_oncogene
114,G4DIP8,5'-[TTTTTTTTTTTTTTTGAGGGTGGGTAGGGTGGGTAA]-3',PIF1(PIF1 5'-to-3' DNA helicase),P07271,PIF1_YEAST,25589786.0,MPKWIRSTLNHIIPRRPFICSFNSFLLLKNVSHAKLSFSMSSRGFRSNNFIQAQLKHPSILSKEDLDLLSDSDDWEEPDCIQLETEKQEKKIITDIHKEDPVDKKPMRDKNVMNFINKDSPLSWNDMFKPSIIQPPQLISENSFDQSSQKKSRSTGFKNPLRPALKKESSFDELQNNSISQERSLEMINENEKKKMQFGEKIAVLTQRPSFTELQNDQDDSNLNPHNGVKVKIPICLSKEQESIIKLAENGHNIFYTGSAGTGKSILLREMIKVLKGIYGRENVAVTASTGLAACNIGGITIHSFAGIGLGKGDADKLYKKVRRSRKHLRRWENIGALVVDEISMLDAELLDKLDFIARKIRKNHQPFGGIQLIFCGDFFQLPPVSKDPNRPTKFAFESKAWKEGVKMTIMLQKVFRQRGDVKFIDMLNRMRLGNIDDETEREFKKLSRPLPDDEIIPAELYSTRMEVERANNSRLSKLPGQVHIFNAIDGGALEDEELKERLLQNFLAPKELHLKVGAQVMMVKNLDATLVNGSLGKVIEFMDPETYFCYEALTNDPSMPPEKLETWAENPSKLKAAMEREQSDGEESAVASRKSSVKEGFAKSDIGEPVSPLDSSVFDFMKRVKTDDEVVLENIKRKEQLMQTIHQNSAGKRRLPLVRFKASDMSTRMVLVEPEDWAIEDENEKPLVSRVQLPLMLAWSLSIHKSQGQTLPKVKVDLRRVFEKGQAYVALSRAVSREGLQVLNFDRTRIKAHQKVIDFYLTLSSAESAYKQLEADEQVKKRKLDYAPGPKYKAKSKSKSNSPAPISATTQSNNGIAAMLQRHSRKRFQLKKESNSNQVHSLVSDEPRGQDTEDHILE,c_MYC_intramolecular_quadruplex
118,G4DIP83,5'-[GGGGTCAGGCTGGGGTTGTGCAGGTC]-3',replication protein A1,P27694,RFA1_HUMAN,19187036.0,MVGQLSEGAIAAIMQKGDTNIKPILQVINIRPITTGNSPPRYRLLMSDGLNTLSSFMLATQLNPLVEEEQLSSNCVCQIHRFIVNTLKDGRRVVILMELEVLKSAEAVGVKIGNPVPYNEGLGQPQVAPPAPAASPAASSRPQPQNGSSGMGSTVSKAYGASKTFGKAAGPSLSHTSGGTQSKVVPIASLTPYQSKWTICARVTNKSQIRTWSNSRGEGKLFSLELVDESGEIRATAFNEQVDKFFPLIEVNKVYYFSKGTLKIANKQFTAVKNDYEMTFNNETSVMPCEDDHHLPTVQFDFTGIDDLENKSKDSLVDIIGICKSYEDATKITVRSNNREVAKRNIYLMDTSGKVVTATLWGEDADKFDGSRQPVLAIKGARVSDFGGRSLSVLSSSTIIANPDIPEAYKLRGWFDAEGQALDGVSISDLKSGGVGGSNTNWKTLYEVKSENLGQGDKPDYFSSVATVVYLRKENCMYQACPTQDCNKKVIDQQNGLYRCEKCDTEFPNFKYRMILSVNIADFQENQWVTCFQESAEAILGQNAAYLGELKDKNEQAFEEVFQNANFRSFIFRVRVKVETYNDESRIKATVMDVKPVDYREYGRRLVMSIRRSALM,intramolecular_DNA_G_quadruplexes_I_3
119,G4DIP84,5'-[TAGGGCAGGGGTCGTCGGGTTAGGGC]-3',replication protein A1,P27694,RFA1_HUMAN,19187036.0,MVGQLSEGAIAAIMQKGDTNIKPILQVINIRPITTGNSPPRYRLLMSDGLNTLSSFMLATQLNPLVEEEQLSSNCVCQIHRFIVNTLKDGRRVVILMELEVLKSAEAVGVKIGNPVPYNEGLGQPQVAPPAPAASPAASSRPQPQNGSSGMGSTVSKAYGASKTFGKAAGPSLSHTSGGTQSKVVPIASLTPYQSKWTICARVTNKSQIRTWSNSRGEGKLFSLELVDESGEIRATAFNEQVDKFFPLIEVNKVYYFSKGTLKIANKQFTAVKNDYEMTFNNETSVMPCEDDHHLPTVQFDFTGIDDLENKSKDSLVDIIGICKSYEDATKITVRSNNREVAKRNIYLMDTSGKVVTATLWGEDADKFDGSRQPVLAIKGARVSDFGGRSLSVLSSSTIIANPDIPEAYKLRGWFDAEGQALDGVSISDLKSGGVGGSNTNWKTLYEVKSENLGQGDKPDYFSSVATVVYLRKENCMYQACPTQDCNKKVIDQQNGLYRCEKCDTEFPNFKYRMILSVNIADFQENQWVTCFQESAEAILGQNAAYLGELKDKNEQAFEEVFQNANFRSFIFRVRVKVETYNDESRIKATVMDVKPVDYREYGRRLVMSIRRSALM,intramolecular_DNA_G_quadruplexes_G_8c26
120,G4DIP85,5'-[TGG GGAGGGTGGGGAGGGTGG GGAAGG]-3',NME/NM23 nucleoside diphosphate kinase 2,P22392,NDKB_HUMAN,19033359.0,MANLERTFIAIKPDGVQRGLVGEIIKRFEQKGFRLVAMKFLRASEEHLKQHYIDLKDRPFFPGLVKYMNSGPVVAMVWEGLNVVKTGRVMLGETNPADSKPGTIRGDFCIQVGRNIIHGSDSVKSAEKEISLWFKPEELVDYKSCAHDWVYE,G_quadruplex_NHE_in_c_MYC
121,G4DIP86,5'-[AAAAA AAAAA AAAAA GGGGG AAAAA AAAAA AAAAA]-3',DEAH-box helicase 36,Q9H2U1,DHX36_HUMAN,18842585.0,MSYDYHQNWGRDGGPRSSGGGYGGGPAGGHGGNRGSGGGGGGGGGGRGGRGRHPGHLKGREIGMWYAKKQGQKNKEAERQERAVVHMDERREEQIVQLLNSVQAKNDKESEAQISWFAPEDHGYGTEVSTKNTPCSENKLDIQEKKLINQEKKMFRIRNRSYIDRDSEYLLQENEPDGTLDQKLLEDLQKKKNDLRYIEMQHFREKLPSYGMQKELVNLIDNHQVTVISGETGCGKTTQVTQFILDNYIERGKGSACRIVCTQPRRISAISVAERVAAERAESCGSGNSTGYQIRLQSRLPRKQGSILYCTTGIILQWLQSDPYLSSVSHIVLDEIHERNLQSDVLMTVVKDLLNFRSDLKVILMSATLNAEKFSEYFGNCPMIHIPGFTFPVVEYLLEDVIEKIRYVPEQKEHRSQFKRGFMQGHVNRQEKEEKEAIYKERWPDYVRELRRRYSASTVDVIEMMEDDKVDLNLIVALIRYIVLEEEDGAILVFLPGWDNISTLHDLLMSQVMFKSDKFLIIPLHSLMPTVNQTQVFKRTPPGVRKIVIATNIAETSITIDDVVYVIDGGKIKETHFDTQNNISTMSAEWVSKANAKQRKGRAGRVQPGHCYHLYNGLRASLLDDYQLPEILRTPLEELCLQIKILRLGGIAYFLSRLMDPPSNEAVLLSIRHLMELNALDKQEELTPLGVHLARLPVEPHIGKMILFGALFCCLDPVLTIAASLSFKDPFVIPLGKEKIADARRKELAKDTRSDHLTVVNAFEGWEEARRRGFRYEKDYCWEYFLSSNTLQMLHNMKGQFAEHLLGAGFVSSRNPKDPESNINSDNEKIIKAVICAGLYPKVAKIRLNLGKKRKMVKVYTKTDGLVAVHPKSVNVEQTDFHYNWLIYHLKMRTSSIYLYDCTEVSPYCLLFFGGDISIQKDNDQETIAVDEWIVFQSPARIAHLVKELRKELDILLQEKIESPHPVDWNDTKSRDCAVLSAIIDLIKTQEKATPRNFPPRFQDGYYS,tetramolecular_DNA_quadruplex
122,G4DIP87,5'-[(CATGGGGGCGGGAAGGGGCGGGGTCT)]-3',myogenic differentiation 1,P15172,MYOD1_HUMAN,18511462.0,MELLSPPLRDVDLTAPDGSLCSFATTDDFYDDPCFDSPDLRFFEDLDPRLMHVGALLKPEEHSHFPAAVHPAPGAREDEHVRAPSGHHQAGRCLLWACKACKRKTTNADRRKAATMRERRRLSKVNEAFETLKRCTSSNPNQRLPKVEILRNAIRYIEGLQALLRDQDAAPPGAAAAFYAPGPLPPGRGGEHYSGDSDASSPRSNCSDGMMDYSGPPSGARRRNCYEGAYYNEAPSEPRPGKSAAVSSLDCLSSIVERISTESPAAPALLLADVPSESPPRRQEAAAPSEGESSGDPTQSPDAAPQCPAGANPNPIYQVL,quadruplex_Integrin_DNA
123,G4DIP88,5'-[(CATGGGGGCGGGAAGGGGCGGGGTCT)]-3',myogenic factor 5,P13349,MYF5_HUMAN,18511462.0,MDVMDGCQFSPSEYFYDGSCIPSPEGEFGDEFVPRVAAFGAHKAELQGSDEDEHVRAPTGHHQAGHCLMWACKACKRKSTTMDRRKAATMRERRRLKKVNQAFETLKRCTTTNPNQRLPKVEILRNAIRYIESLQELLREQVENYYSLPGQSCSEPTSPTSNCSDGMPECNSPVWSRKSSTFDSIYCPDVSNVYATDKNSLSSLDCLSNIVDRITSSEQPGLPLQDLASLSPVASTDSQPATPGASSSRLIYHVL,quadruplex_Integrin_DNA
124,G4DIP89,5'-[(CATGGGGGCGGGAAGGGGCGGGGTCT)]-3',myogenic factor 6,P23409,MYF6_HUMAN,18511462.0,MMMDLFETGSYFFYLDGENVTLQPLEVAEGSPLYPGSDGTLSPCQDQMPPEAGSDSSGEEHVLAPPGLQPPHCPGQCLIWACKTCKRKSAPTDRRKAATLRERRRLKKINEAFEALKRRTVANPNQRLPKVEILRSAISYIERLQDLLHRLDQQEKMQELGVDPFSYRPKQENLEGADFLRTCSSQWPSVSDHSRGLVITAKEGGASIDSSASSSLRCLSSIVDSISSEERKLPCVEEVVEK,quadruplex_Integrin_DNA
125,G4DIP90,5'-[(CATGGGGGCGGGAAGGGGCGGGGTCT)]-3',myogenin (myogenic factor 4),P15173,MYOG_HUMAN,18511462.0,MELYETSPYFYQEPRFYDGENYLPVHLQGFEPPGYERTELTLSPEAPGPLEDKGLGTPEHCPGQCLPWACKVCKRKSVSVDRRRAATLREKRRLKKVNEAFEALKRSTLLNPNQRLPKVEILRSAIQYIERLQALLSSLNQEERDLRYRGGGGPQPGVPSECSSHSASCSPEWGSALEFSANPGDHLLTADPTDAHNLHSLTSIVDSITVEDVSVAFPDETMPN,quadruplex_Integrin_DNA
126,G4DIP91,5'-[C3G3CG3CGCGAG3AG4AG2]-3',poly(ADP-ribose) polymerase 1,P09874,PARP1_HUMAN,18511462.0,MAESSDKLYRVEYAKSGRASCKKCSESIPKDSLRMAIMVQSPMFDGKVPHWYHFSCFWKVGHSIRHPDVEVDGFSELRWDDQQKVKKTAEAGGVTGKGQDGIGSKAEKTLGDFAAEYAKSNRSTCKGCMEKIEKGQVRLSKKMVDPEKPQLGMIDRWYHPGCFVKNREELGFRPEYSASQLKGFSLLATEDKEALKKQLPGVKSEGKRKGDEVDGVDEVAKKKSKKEKDKDSKLEKALKAQNDLIWNIKDELKKVCSTNDLKELLIFNKQQVPSGESAILDRVADGMVFGALLPCEECSGQLVFKSDAYYCTGDVTAWTKCMVKTQTPNRKEWVTPKEFREISYLKKLKVKKQDRIFPPETSASVAATPPPSTASAPAAVNSSASADKPLSNMKILTLGKLSRNKDEVKAMIEKLGGKLTGTANKASLCISTKKEVEKMNKKMEEVKEANIRVVSEDFLQDVSASTKSLQELFLAHILSPWGAEVKAEPVEVVAPRGKSGAALSKKSKGQVKEEGINKSEKRMKLTLKGGAAVDPDSGLEHSAHVLEKGGKVFSATLGLVDIVKGTNSYYKLQLLEDDKENRYWIFRSWGRVGTVIGSNKLEQMPSKEDAIEHFMKLYEEKTGNAWHSKNFTKYPKKFYPLEIDYGQDEEAVKKLTVNPGTKSKLPKPVQDLIKMIFDVESMKKAMVEYEIDLQKMPLGKLSKRQIQAAYSILSEVQQAVSQGSSDSQILDLSNRFYTLIPHDFGMKKPPLLNNADSVQAKVEMLDNLLDIEVAYSLLRGGSDDSSKDPIDVNYEKLKTDIKVVDRDSEEAEIIRKYVKNTHATTHNAYDLEVIDIFKIEREGECQRYKPFKQLHNRRLLWHGSRTTNFAGILSQGLRIAPPEAPVTGYMFGKGIYFADMVSKSANYCHTSQGDPIGLILLGEVALGNMYELKHASHISKLPKGKHSVKGLGKTTPDPSANISLDGVDVPLGTGISSGVNDTSLLYNEYIVYDIAQVNLKYLLKLKFNFKTSLW,c_kit_1_quadruplex
127,G4DIP92,5'-[G4CG3CCG5CG4TCCCGGCG4CGG]-3',telomerase reverse transcriptase,O14746,TERT_HUMAN,18413801.0,MPRAPRCRAVRSLLRSHYREVLPLATFVRRLGPQGWRLVQRGDPAAFRALVAQCLVCVPWDARPPPAAPSFRQVSCLKELVARVLQRLCERGAKNVLAFGFALLDGARGGPPEAFTTSVRSYLPNTVTDALRGSGAWGLLLRRVGDDVLVHLLARCALFVLVAPSCAYQVCGPPLYQLGAATQARPPPHASGPRRRLGCERAWNHSVREAGVPLGLPAPGARRRGGSASRSLPLPKRPRRGAAPEPERTPVGQGSWAHPGRTRGPSDRGFCVVSPARPAEEATSLEGALSGTRHSHPSVGRQHHAGPPSTSRPPRPWDTPCPPVYAETKHFLYSSGDKEQLRPSFLLSSLRPSLTGARRLVETIFLGSRPWMPGTPRRLPRLPQRYWQMRPLFLELLGNHAQCPYGVLLKTHCPLRAAVTPAAGVCAREKPQGSVAAPEEEDTDPRRLVQLLRQHSSPWQVYGFVRACLRRLVPPGLWGSRHNERRFLRNTKKFISLGKHAKLSLQELTWKMSVRDCAWLRRSPGVGCVPAAEHRLREEILAKFLHWLMSVYVVELLRSFFYVTETTFQKNRLFFYRKSVWSKLQSIGIRQHLKRVQLRELSEAEVRQHREARPALLTSRLRFIPKPDGLRPIVNMDYVVGARTFRREKRAERLTSRVKALFSVLNYERARRPGLLGASVLGLDDIHRAWRTFVLRVRAQDPPPELYFVKVDVTGAYDTIPQDRLTEVIASIIKPQNTYCVRRYAVVQKAAHGHVRKAFKSHVSTLTDLQPYMRQFVAHLQETSPLRDAVVIEQSSSLNEASSGLFDVFLRFMCHHAVRIRGKSYVQCQGIPQGSILSTLLCSLCYGDMENKLFAGIRRDGLLLRLVDDFLLVTPHLTHAKTFLRTLVRGVPEYGCVVNLRKTVVNFPVEDEALGGTAFVQMPAHGLFPWCGLLLDTRTLEVQSDYSSYARTSIRASLTFNRGFKAGRNMRRKLFGVLRLKCHSLFLDLQVNSLQTVCTNIYKILLLQAYRFHACVLQLPFHQQVWKNPTFFLRVISDTASLCYSILKAKNAGMSLGAKGAAGPLPSEAVQWLCHQAFLLKLTRHRVTYVPLLGSLRTAQTQLSRKLPGTTLTALEAAANPALPSDFKTILD,intramolecular_G_quadruplex_VEGF
